batch,layer,iteration,m_tokens_per_rank,round0,round1,round2,bound_tokens,uniform_tokens,ratio,recv_max_over_mean,pair_max_over_mean
1024,3,100,128.0000,15.3333,16.3333,17.6667,49.3333,32.0000,1.5417,1.2233,4.5039
1024,3,175,128.0000,16.6667,16.0000,17.6667,50.3333,32.0000,1.5729,1.1742,4.4983
1024,3,250,128.0000,16.0000,16.6667,18.6667,51.3333,32.0000,1.6042,1.2216,3.9980
1024,3,325,128.0000,16.0000,16.0000,16.0000,48.0000,32.0000,1.5000,1.1662,3.9985
1024,3,399,128.0000,16.3333,16.3333,16.3333,49.0000,32.0000,1.5312,1.3026,4.0030
1024,4,100,128.0000,15.0000,16.0000,15.6667,46.6667,32.0000,1.4583,1.2077,4.0045
1024,4,175,128.0000,15.0000,17.0000,16.0000,48.0000,32.0000,1.5000,1.2859,4.5006
1024,4,250,128.0000,15.6667,18.0000,18.0000,51.6667,32.0000,1.6146,1.2644,4.0080
1024,4,325,128.0000,17.0000,17.6667,17.0000,51.6667,32.0000,1.6146,1.2759,4.4933
1024,4,399,128.0000,15.3333,17.3333,16.6667,49.3333,32.0000,1.5417,1.1756,4.0035
1024,5,100,128.0000,16.3333,16.3333,18.0000,50.6667,32.0000,1.5833,1.2770,3.9975
1024,5,175,128.0000,16.3333,15.3333,16.3333,48.0000,32.0000,1.5000,1.3246,3.4978
1024,5,250,128.0000,15.3333,17.3333,17.6667,50.3333,32.0000,1.5729,1.3090,4.4983
1024,5,325,128.0000,16.6667,17.3333,17.0000,51.0000,32.0000,1.5938,1.2210,3.9960
1024,5,399,128.0000,16.3333,16.3333,17.3333,50.0000,32.0000,1.5625,1.3654,5.0012
1024,6,100,128.0000,16.3333,16.3333,16.6667,49.3333,32.0000,1.5417,1.2937,4.5000
1024,6,175,128.0000,16.0000,16.3333,17.3333,49.6667,32.0000,1.5521,1.2778,4.0000
1024,6,250,128.0000,16.3333,18.0000,17.6667,52.0000,32.0000,1.6250,1.1772,4.0089
1024,6,325,128.0000,15.6667,17.3333,16.6667,49.6667,32.0000,1.5521,1.3006,3.9970
1024,6,399,128.0000,15.6667,16.6667,17.0000,49.3333,32.0000,1.5417,1.2786,4.5028
1024,7,100,128.0000,15.6667,19.0000,23.0000,57.6667,32.0000,1.8021,1.8949,3.9960
1024,7,175,128.0000,16.6667,19.3333,28.3333,64.3333,32.0000,2.0104,1.9290,5.5014
1024,7,250,128.0000,17.0000,19.6667,23.6667,60.3333,32.0000,1.8854,1.8547,4.5134
1024,7,325,128.0000,16.3333,19.0000,25.0000,60.3333,32.0000,1.8854,1.9363,4.4994
1024,7,399,128.0000,16.3333,19.3333,23.6667,59.3333,32.0000,1.8542,2.0302,4.4967
1024,8,100,128.0000,15.6667,23.3333,39.0000,78.0000,32.0000,2.4375,3.3672,5.5034
1024,8,175,128.0000,17.0000,24.3333,36.3333,77.6667,32.0000,2.4271,3.2191,6.0089
1024,8,250,128.0000,19.0000,23.3333,38.6667,81.0000,32.0000,2.5312,3.0801,6.5016
1024,8,325,128.0000,16.6667,22.0000,38.6667,77.3333,32.0000,2.4167,3.1826,5.9852
1024,8,399,128.0000,17.0000,20.0000,39.0000,76.0000,32.0000,2.3750,3.4978,4.9969
1024,9,100,128.0000,16.3333,16.6667,19.0000,52.0000,32.0000,1.6250,1.2740,3.4896
1024,9,175,128.0000,15.3333,16.3333,17.3333,49.0000,32.0000,1.5312,1.2140,4.9988
1024,9,250,128.0000,16.3333,16.3333,17.0000,49.6667,32.0000,1.5521,1.1846,4.0070
1024,9,325,128.0000,17.0000,17.3333,17.3333,51.6667,32.0000,1.6146,1.2935,4.9994
1024,9,399,128.0000,16.3333,17.0000,17.0000,50.3333,32.0000,1.5729,1.3363,4.0089
1024,10,100,128.0000,15.6667,17.6667,17.3333,50.6667,32.0000,1.5833,1.5251,4.5039
1024,10,175,128.0000,16.6667,17.3333,18.0000,52.0000,32.0000,1.6250,1.5178,4.0050
1024,10,250,128.0000,15.3333,17.3333,20.6667,53.3333,32.0000,1.6667,1.5327,4.0025
1024,10,325,128.0000,16.0000,19.3333,19.6667,55.0000,32.0000,1.7188,1.5891,4.0045
1024,10,399,128.0000,17.3333,20.0000,19.0000,56.3333,32.0000,1.7604,1.5610,4.4928
1024,11,100,128.0000,16.6667,17.6667,17.6667,52.0000,32.0000,1.6250,1.3846,3.9876
1024,11,175,128.0000,15.3333,17.6667,17.3333,50.3333,32.0000,1.5729,1.4434,3.9970
1024,11,250,128.0000,15.3333,16.0000,17.3333,48.6667,32.0000,1.5208,1.2862,4.5017
1024,11,325,128.0000,15.3333,17.3333,17.3333,50.0000,32.0000,1.5625,1.3229,4.4916
1024,11,399,128.0000,16.3333,18.0000,19.6667,54.0000,32.0000,1.6875,1.6274,4.0010
1024,12,100,128.0000,16.3333,16.6667,16.3333,49.3333,32.0000,1.5417,1.2784,4.5022
1024,12,175,128.0000,15.3333,16.3333,16.3333,48.0000,32.0000,1.5000,1.3181,4.5022
1024,12,250,128.0000,16.0000,16.3333,17.6667,50.0000,32.0000,1.5625,1.2703,4.0015
1024,12,325,128.0000,15.3333,17.0000,18.0000,50.3333,32.0000,1.5729,1.2998,4.4939
1024,12,399,128.0000,15.6667,16.6667,16.3333,48.6667,32.0000,1.5208,1.3162,4.4955
1024,13,100,128.0000,15.6667,16.3333,16.6667,48.6667,32.0000,1.5208,1.2621,4.5006
1024,13,175,128.0000,16.3333,17.0000,16.6667,50.0000,32.0000,1.5625,1.2413,4.0104
1024,13,250,128.0000,15.6667,16.6667,16.6667,49.0000,32.0000,1.5312,1.4123,3.4991
1024,13,325,128.0000,15.6667,17.6667,18.6667,52.0000,32.0000,1.6250,1.3566,3.9985
1024,13,399,128.0000,16.0000,16.0000,16.6667,48.6667,32.0000,1.5208,1.2916,5.4911
1024,14,100,128.0000,16.0000,18.3333,23.3333,57.6667,32.0000,1.8021,1.9261,4.5129
1024,14,175,128.0000,16.3333,17.0000,21.6667,55.0000,32.0000,1.7188,1.7769,3.9980
1024,14,250,128.0000,16.0000,19.0000,24.6667,59.6667,32.0000,1.8646,1.9779,5.0043
1024,14,325,128.0000,16.0000,17.0000,23.0000,56.0000,32.0000,1.7500,1.9264,4.9944
1024,14,399,128.0000,15.6667,18.3333,27.3333,61.3333,32.0000,1.9167,2.1558,4.9932
1024,15,100,128.0000,16.6667,18.3333,19.3333,54.3333,32.0000,1.6979,1.4360,3.9985
1024,15,175,128.0000,15.6667,17.0000,19.3333,52.0000,32.0000,1.6250,1.6190,4.5000
1024,15,250,128.0000,16.3333,17.6667,18.0000,52.0000,32.0000,1.6250,1.3625,4.0159
1024,15,325,128.0000,16.0000,19.3333,19.3333,54.6667,32.0000,1.7083,1.5722,5.0025
1024,15,399,128.0000,15.6667,16.3333,18.6667,50.6667,32.0000,1.5833,1.5217,3.9946
1024,16,100,128.0000,16.6667,21.3333,23.3333,61.3333,32.0000,1.9167,1.9003,4.4894
1024,16,175,128.0000,16.3333,19.3333,25.3333,61.0000,32.0000,1.9062,2.0349,4.4894
1024,16,250,128.0000,16.3333,19.0000,23.3333,58.6667,32.0000,1.8333,1.9461,4.0035
1024,16,325,128.0000,18.3333,21.6667,23.6667,63.6667,32.0000,1.9896,1.9814,3.9946
1024,16,399,128.0000,16.3333,18.3333,22.0000,56.6667,32.0000,1.7708,1.8644,4.4983
1024,17,100,128.0000,17.0000,21.6667,42.0000,80.6667,32.0000,2.5208,3.5286,6.0082
1024,17,175,128.0000,16.6667,23.6667,40.6667,81.0000,32.0000,2.5312,3.6531,6.0037
1024,17,250,128.0000,17.0000,24.0000,44.0000,85.0000,32.0000,2.6562,3.6420,5.9985
1024,17,325,128.0000,16.6667,24.0000,39.6667,80.3333,32.0000,2.5104,3.4869,5.9911
1024,17,399,128.0000,16.0000,22.0000,44.0000,82.0000,32.0000,2.5625,3.8894,6.5008
1024,18,100,128.0000,15.3333,16.0000,16.3333,47.6667,32.0000,1.4896,1.2150,3.5022
1024,18,175,128.0000,15.6667,15.6667,17.0000,48.3333,32.0000,1.5104,1.2636,4.0055
1024,18,250,128.0000,15.6667,16.3333,16.6667,48.6667,32.0000,1.5208,1.2849,4.4972
1024,18,325,128.0000,15.6667,15.6667,17.6667,49.0000,32.0000,1.5312,1.3489,3.9990
1024,18,399,128.0000,15.0000,16.0000,17.0000,48.0000,32.0000,1.5000,1.2946,3.5026
1024,19,100,128.0000,15.6667,16.6667,17.3333,49.6667,32.0000,1.5521,1.3404,3.9975
1024,19,175,128.0000,16.3333,17.6667,19.0000,53.0000,32.0000,1.6562,1.4513,4.4967
1024,19,250,128.0000,15.6667,16.0000,17.3333,49.0000,32.0000,1.5312,1.3228,4.4911
1024,19,325,128.0000,16.0000,17.0000,19.0000,52.0000,32.0000,1.6250,1.3811,5.0006
1024,19,399,128.0000,15.6667,15.6667,18.6667,50.0000,32.0000,1.5625,1.4690,4.0020
1024,20,100,128.0000,15.3333,18.6667,23.0000,57.0000,32.0000,1.7812,1.8971,4.5006
1024,20,175,128.0000,16.3333,18.6667,25.6667,60.6667,32.0000,1.8958,2.1016,4.4967
1024,20,250,128.0000,15.0000,17.0000,24.0000,56.0000,32.0000,1.7500,1.9298,4.5028
1024,20,325,128.0000,15.6667,19.0000,23.6667,58.3333,32.0000,1.8229,1.9052,5.0012
1024,20,399,128.0000,17.6667,19.3333,25.0000,62.0000,32.0000,1.9375,2.1638,4.0094
1024,21,100,128.0000,16.6667,17.3333,18.0000,52.0000,32.0000,1.6250,1.3887,3.9995
1024,21,175,128.0000,17.6667,16.6667,19.3333,53.6667,32.0000,1.6771,1.5585,4.0075
1024,21,250,128.0000,16.3333,18.3333,19.6667,54.3333,32.0000,1.6979,1.4948,7.0130
1024,21,325,128.0000,16.3333,17.0000,20.0000,53.3333,32.0000,1.6667,1.6754,4.0020
1024,21,399,128.0000,15.3333,17.3333,21.6667,54.3333,32.0000,1.6979,1.6481,4.4928
1024,22,100,128.0000,19.0000,21.0000,25.3333,65.3333,32.0000,2.0417,2.0791,4.4994
1024,22,175,128.0000,17.0000,19.6667,25.0000,61.6667,32.0000,1.9271,2.0758,4.4922
1024,22,250,128.0000,17.3333,20.3333,24.0000,61.6667,32.0000,1.9271,1.8786,3.9950
1024,22,325,128.0000,16.3333,20.0000,26.6667,63.0000,32.0000,1.9688,2.0845,3.9946
1024,22,399,128.0000,15.6667,19.0000,23.6667,58.3333,32.0000,1.8229,2.0852,4.4955
1024,23,100,128.0000,16.0000,19.0000,25.6667,60.6667,32.0000,1.8958,2.1249,4.9950
1024,23,175,128.0000,16.6667,19.3333,26.6667,62.6667,32.0000,1.9583,2.0768,4.4944
1024,23,250,128.0000,17.3333,17.6667,25.0000,60.0000,32.0000,1.8750,2.0671,4.4905
1024,23,325,128.0000,17.3333,19.0000,25.6667,62.0000,32.0000,1.9375,2.0971,4.0035
1024,23,399,128.0000,17.6667,20.0000,28.0000,65.6667,32.0000,2.0521,2.4092,4.5084
1024,24,100,128.0000,16.0000,19.0000,24.6667,59.6667,32.0000,1.8646,2.0164,4.5011
1024,24,175,128.0000,16.0000,19.6667,26.6667,62.3333,32.0000,1.9479,1.9750,4.9969
1024,24,250,128.0000,16.0000,21.0000,24.6667,61.6667,32.0000,1.9271,2.0612,4.4950
1024,24,325,128.0000,17.6667,22.0000,26.3333,66.0000,32.0000,2.0625,2.1021,3.9980
1024,24,399,128.0000,17.6667,20.3333,27.6667,65.6667,32.0000,2.0521,2.1645,4.4955
1024,25,100,128.0000,16.0000,18.3333,21.0000,55.3333,32.0000,1.7292,1.5007,4.5022
1024,25,175,128.0000,17.0000,17.0000,21.6667,55.6667,32.0000,1.7396,1.5461,3.9960
1024,25,250,128.0000,15.6667,19.0000,18.6667,53.3333,32.0000,1.6667,1.4612,4.5028
1024,25,325,128.0000,16.3333,20.0000,22.3333,58.6667,32.0000,1.8333,1.8215,4.5101
1024,25,399,128.0000,16.3333,17.0000,18.3333,51.6667,32.0000,1.6146,1.6579,3.9980
1024,26,100,128.0000,18.0000,17.0000,15.6667,50.6667,32.0000,1.5833,1.2138,4.4983
1024,26,175,128.0000,14.6667,16.6667,16.3333,47.6667,32.0000,1.4896,1.3155,3.9941
1024,26,250,128.0000,15.3333,18.3333,17.3333,51.0000,32.0000,1.5938,1.2617,3.9995
1024,26,325,128.0000,15.6667,17.3333,17.3333,50.3333,32.0000,1.5729,1.2945,4.0025
1024,26,399,128.0000,15.0000,15.6667,17.3333,48.0000,32.0000,1.5000,1.2954,3.5048
1024,27,100,128.0000,15.6667,21.6667,30.0000,67.3333,32.0000,2.1042,2.4768,5.0012
1024,27,175,128.0000,19.3333,20.3333,29.0000,68.6667,32.0000,2.1458,2.5036,4.4922
1024,27,250,128.0000,16.3333,21.6667,30.6667,68.6667,32.0000,2.1458,2.4969,4.9938
1024,27,325,128.0000,16.6667,19.0000,30.0000,65.6667,32.0000,2.0521,2.5438,5.5089
1024,27,399,128.0000,16.3333,20.3333,31.6667,68.3333,32.0000,2.1354,2.7017,4.4922
1024,28,100,128.0000,16.6667,22.6667,38.3333,77.6667,32.0000,2.4271,3.0148,4.9981
1024,28,175,128.0000,19.6667,20.6667,35.6667,76.0000,32.0000,2.3750,3.0370,5.5096
1024,28,250,128.0000,16.6667,21.6667,35.0000,73.3333,32.0000,2.2917,2.9455,5.0019
1024,28,325,128.0000,17.0000,21.0000,38.0000,76.0000,32.0000,2.3750,3.0972,5.5034
1024,28,399,128.0000,16.6667,24.3333,39.0000,80.0000,32.0000,2.5000,3.3433,6.5040
1024,29,100,128.0000,17.6667,20.6667,35.6667,74.0000,32.0000,2.3125,2.8481,5.4980
1024,29,175,128.0000,17.0000,20.0000,33.3333,70.3333,32.0000,2.1979,2.9477,4.5050
1024,29,250,128.0000,16.6667,21.3333,31.6667,69.6667,32.0000,2.1771,2.7426,4.9938
1024,29,325,128.0000,17.0000,22.6667,34.0000,73.6667,32.0000,2.3021,2.9710,5.4905
1024,29,399,128.0000,15.3333,23.0000,31.6667,70.0000,32.0000,2.1875,2.9264,5.0099
1024,30,100,128.0000,15.3333,17.3333,18.0000,50.6667,32.0000,1.5833,1.5119,4.4883
1024,30,175,128.0000,16.0000,16.0000,21.0000,53.0000,32.0000,1.6562,1.6571,3.9960
1024,30,250,128.0000,16.3333,16.6667,19.0000,52.0000,32.0000,1.6250,1.4843,4.0005
1024,30,325,128.0000,16.3333,16.0000,21.3333,53.6667,32.0000,1.6771,1.7405,4.5061
1024,30,399,128.0000,15.0000,17.6667,20.6667,53.3333,32.0000,1.6667,1.7703,4.5011
1024,31,100,128.0000,15.6667,16.0000,17.0000,48.6667,32.0000,1.5208,1.1499,3.9970
1024,31,175,128.0000,16.3333,15.6667,17.0000,49.0000,32.0000,1.5312,1.2940,4.5011
1024,31,250,128.0000,14.6667,17.0000,17.0000,48.6667,32.0000,1.5208,1.3575,4.0010
1024,31,325,128.0000,15.3333,17.6667,17.0000,50.0000,32.0000,1.5625,1.3173,4.9994
1024,31,399,128.0000,15.3333,15.6667,16.6667,47.6667,32.0000,1.4896,1.2709,4.0035
1024,32,100,128.0000,16.6667,18.6667,23.0000,58.3333,32.0000,1.8229,1.7531,3.9980
1024,32,175,128.0000,17.0000,20.3333,22.0000,59.3333,32.0000,1.8542,1.7379,3.9995
1024,32,250,128.0000,16.0000,17.0000,21.0000,54.0000,32.0000,1.6875,1.6131,4.0050
1024,32,325,128.0000,16.0000,18.6667,21.6667,56.3333,32.0000,1.7604,1.7736,4.0085
1024,32,399,128.0000,16.0000,18.0000,22.6667,56.6667,32.0000,1.7708,1.6875,5.4905
1024,33,100,128.0000,15.0000,17.0000,18.0000,50.0000,32.0000,1.5625,1.3495,4.5011
1024,33,175,128.0000,17.0000,18.0000,19.0000,54.0000,32.0000,1.6875,1.4409,4.4889
1024,33,250,128.0000,16.0000,17.0000,17.3333,50.3333,32.0000,1.5729,1.3568,3.9990
1024,33,325,128.0000,16.0000,18.6667,19.6667,54.3333,32.0000,1.6979,1.3892,5.0012
1024,33,399,128.0000,17.0000,16.6667,17.3333,51.0000,32.0000,1.5938,1.3666,5.0056
1024,34,100,128.0000,19.0000,19.3333,22.3333,60.6667,32.0000,1.8958,1.6345,3.9990
1024,34,175,128.0000,16.6667,18.3333,22.3333,57.3333,32.0000,1.7917,1.7447,4.9963
1024,34,250,128.0000,16.0000,18.0000,21.3333,55.3333,32.0000,1.7292,1.7385,4.0010
1024,34,325,128.0000,15.6667,18.0000,22.3333,56.0000,32.0000,1.7500,1.6577,3.9975
1024,34,399,128.0000,16.6667,18.0000,20.6667,55.3333,32.0000,1.7292,1.6993,4.5022
1024,35,100,128.0000,15.3333,16.6667,16.6667,48.6667,32.0000,1.5208,1.3692,4.5134
1024,35,175,128.0000,16.6667,19.0000,20.3333,56.0000,32.0000,1.7500,1.4980,4.4939
1024,35,250,128.0000,15.6667,16.0000,17.0000,48.6667,32.0000,1.5208,1.2951,4.0045
1024,35,325,128.0000,16.3333,16.0000,17.3333,49.6667,32.0000,1.5521,1.3181,4.0020
1024,35,399,128.0000,15.6667,16.6667,16.3333,48.6667,32.0000,1.5208,1.2959,5.0087
1024,36,100,128.0000,17.0000,17.6667,18.0000,52.6667,32.0000,1.6458,1.5168,4.0025
1024,36,175,128.0000,17.3333,17.6667,21.3333,56.3333,32.0000,1.7604,1.5544,3.9970
1024,36,250,128.0000,16.3333,17.3333,19.6667,53.3333,32.0000,1.6667,1.6752,4.0015
1024,36,325,128.0000,17.0000,19.6667,19.6667,56.3333,32.0000,1.7604,1.6101,4.4972
1024,36,399,128.0000,16.0000,17.0000,21.3333,54.3333,32.0000,1.6979,1.6990,4.5017
1024,37,100,128.0000,14.6667,17.3333,15.3333,47.3333,32.0000,1.4792,1.2526,4.4950
1024,37,175,128.0000,17.0000,17.0000,18.0000,52.0000,32.0000,1.6250,1.3761,4.0089
1024,37,250,128.0000,16.0000,15.6667,17.0000,48.6667,32.0000,1.5208,1.3575,4.0010
1024,37,325,128.0000,16.6667,16.0000,18.0000,50.6667,32.0000,1.5833,1.3058,5.0162
1024,37,399,128.0000,15.6667,16.0000,16.3333,48.0000,32.0000,1.5000,1.3027,5.0043
1024,38,100,128.0000,17.0000,21.6667,31.3333,70.0000,32.0000,2.1875,2.3847,7.4870
1024,38,175,128.0000,16.6667,20.3333,28.6667,65.6667,32.0000,2.0521,2.4988,4.9975
1024,38,250,128.0000,16.6667,22.3333,31.6667,70.6667,32.0000,2.2083,2.4658,4.4955
1024,38,325,128.0000,17.0000,22.3333,28.6667,68.0000,32.0000,2.1250,2.4969,4.4944
1024,38,399,128.0000,17.6667,20.6667,30.6667,69.0000,32.0000,2.1562,2.6597,4.5017
1024,39,100,128.0000,15.6667,17.3333,20.6667,53.6667,32.0000,1.6771,1.4675,4.4978
1024,39,175,128.0000,16.6667,17.0000,18.6667,52.3333,32.0000,1.6354,1.4621,5.0062
1024,39,250,128.0000,15.6667,17.0000,19.6667,52.3333,32.0000,1.6354,1.6182,4.4978
1024,39,325,128.0000,18.3333,18.6667,20.3333,57.3333,32.0000,1.7917,1.6520,4.5034
1024,39,399,128.0000,17.3333,19.6667,19.0000,56.0000,32.0000,1.7500,1.5202,4.4894
1024,40,100,128.0000,15.0000,18.0000,16.6667,49.6667,32.0000,1.5521,1.3037,4.0065
1024,40,175,128.0000,14.6667,15.6667,17.0000,47.3333,32.0000,1.4792,1.2297,4.4983
1024,40,250,128.0000,14.6667,16.0000,16.3333,47.0000,32.0000,1.4688,1.2230,4.0025
1024,40,325,128.0000,15.3333,15.0000,17.0000,47.3333,32.0000,1.4792,1.2865,4.5028
1024,40,399,128.0000,15.6667,17.0000,16.6667,49.3333,32.0000,1.5417,1.4127,4.0000
1024,41,100,128.0000,15.6667,15.6667,18.0000,49.3333,32.0000,1.5417,1.2610,3.9970
1024,41,175,128.0000,16.6667,18.6667,16.6667,52.0000,32.0000,1.6250,1.2990,3.9921
1024,41,250,128.0000,15.6667,16.3333,19.3333,51.3333,32.0000,1.6042,1.4913,3.9980
1024,41,325,128.0000,16.6667,17.3333,16.3333,50.3333,32.0000,1.5729,1.2771,3.9980
1024,41,399,128.0000,16.0000,16.6667,16.0000,48.6667,32.0000,1.5208,1.3504,4.0035
1024,42,100,128.0000,15.6667,16.3333,19.0000,51.0000,32.0000,1.5938,1.2123,4.4928
1024,42,175,128.0000,15.6667,15.6667,17.0000,48.3333,32.0000,1.5104,1.2954,4.5061
1024,42,250,128.0000,16.0000,16.6667,17.3333,50.0000,32.0000,1.5625,1.3475,4.9938
1024,42,325,128.0000,16.0000,17.3333,17.6667,51.0000,32.0000,1.5938,1.3462,4.4900
1024,42,399,128.0000,16.3333,16.6667,19.0000,52.0000,32.0000,1.6250,1.5889,3.5035
1024,43,100,128.0000,16.0000,16.0000,16.6667,48.6667,32.0000,1.5208,1.2697,4.4994
1024,43,175,128.0000,17.3333,16.3333,17.3333,51.0000,32.0000,1.5938,1.2077,4.0045
1024,43,250,128.0000,15.6667,18.0000,17.0000,50.6667,32.0000,1.5833,1.2150,4.0025
1024,43,325,128.0000,15.6667,17.3333,19.6667,52.6667,32.0000,1.6458,1.2468,4.0025
1024,43,399,128.0000,16.3333,17.0000,16.6667,50.0000,32.0000,1.5625,1.2240,4.0060
1024,44,100,128.0000,16.0000,18.0000,18.0000,52.0000,32.0000,1.6250,1.2538,4.4994
1024,44,175,128.0000,16.0000,16.3333,16.6667,49.0000,32.0000,1.5312,1.2448,3.9960
1024,44,250,128.0000,16.0000,17.0000,16.6667,49.6667,32.0000,1.5521,1.2204,3.9941
1024,44,325,128.0000,15.0000,16.6667,16.3333,48.0000,32.0000,1.5000,1.2702,4.0010
1024,44,399,128.0000,15.3333,16.0000,17.6667,49.0000,32.0000,1.5312,1.2888,4.5106
1024,45,100,128.0000,15.0000,17.0000,19.3333,51.3333,32.0000,1.6042,1.5567,5.0037
1024,45,175,128.0000,15.6667,16.3333,21.0000,53.0000,32.0000,1.6562,1.6343,3.9985
1024,45,250,128.0000,15.3333,17.3333,20.6667,53.3333,32.0000,1.6667,1.6213,4.0055
1024,45,325,128.0000,15.6667,17.0000,20.0000,52.6667,32.0000,1.6458,1.6093,3.9955
1024,45,399,128.0000,15.0000,18.0000,19.0000,52.0000,32.0000,1.6250,1.5397,4.0000
1024,46,100,128.0000,16.0000,16.3333,17.6667,50.0000,32.0000,1.5625,1.3734,4.0010
1024,46,175,128.0000,15.6667,17.3333,19.0000,52.0000,32.0000,1.6250,1.4867,3.5061
1024,46,250,128.0000,16.0000,17.0000,19.0000,52.0000,32.0000,1.6250,1.4175,3.9911
1024,46,325,128.0000,16.0000,18.0000,18.3333,52.3333,32.0000,1.6354,1.5253,4.0040
1024,46,399,128.0000,15.6667,17.6667,19.3333,52.6667,32.0000,1.6458,1.6660,4.4983
1024,47,100,128.0000,15.6667,19.3333,18.3333,53.3333,32.0000,1.6667,1.5020,4.5061
1024,47,175,128.0000,15.6667,16.3333,18.3333,50.3333,32.0000,1.5729,1.5627,4.4978
1024,47,250,128.0000,16.3333,17.0000,18.6667,52.0000,32.0000,1.6250,1.4636,4.0089
1024,47,325,128.0000,16.0000,16.6667,18.0000,50.6667,32.0000,1.5833,1.4747,3.9960
1024,47,399,128.0000,16.3333,17.3333,21.3333,55.0000,32.0000,1.7188,1.5463,4.9957
1024,48,100,128.0000,15.3333,18.3333,19.6667,53.3333,32.0000,1.6667,1.5234,4.4989
1024,48,175,128.0000,16.3333,16.6667,18.0000,51.0000,32.0000,1.5938,1.3892,4.0010
1024,48,250,128.0000,15.3333,17.3333,19.6667,52.3333,32.0000,1.6354,1.3975,4.0020
1024,48,325,128.0000,15.6667,18.0000,20.3333,54.0000,32.0000,1.6875,1.5408,4.5034
1024,48,399,128.0000,16.6667,16.3333,18.6667,51.6667,32.0000,1.6146,1.4152,4.0070
1024,49,100,128.0000,15.0000,15.6667,16.3333,47.0000,32.0000,1.4688,1.3009,3.9980
1024,49,175,128.0000,16.3333,15.6667,17.3333,49.3333,32.0000,1.5417,1.2230,4.0025
1024,49,250,128.0000,16.0000,18.0000,17.3333,51.3333,32.0000,1.6042,1.2227,4.5017
1024,49,325,128.0000,15.3333,15.3333,17.0000,47.6667,32.0000,1.4896,1.2055,4.4967
1024,49,399,128.0000,15.0000,18.0000,16.6667,49.6667,32.0000,1.5521,1.2779,4.5006
1024,50,100,128.0000,17.0000,20.3333,17.3333,54.6667,32.0000,1.7083,1.3009,4.4978
1024,50,175,128.0000,16.0000,16.6667,16.6667,49.3333,32.0000,1.5417,1.2454,3.9980
1024,50,250,128.0000,15.6667,17.0000,16.3333,49.0000,32.0000,1.5312,1.2743,4.0139
1024,50,325,128.0000,16.0000,16.6667,19.0000,51.6667,32.0000,1.6146,1.3892,4.5011
1024,50,399,128.0000,15.3333,18.0000,16.6667,50.0000,32.0000,1.5625,1.3050,4.5117
1024,51,100,128.0000,15.3333,16.6667,16.6667,48.6667,32.0000,1.5208,1.2193,3.9906
1024,51,175,128.0000,15.3333,17.6667,18.3333,51.3333,32.0000,1.6042,1.2844,3.9960
1024,51,250,128.0000,15.3333,17.3333,17.0000,49.6667,32.0000,1.5521,1.1980,4.4983
1024,51,325,128.0000,16.3333,17.3333,16.3333,50.0000,32.0000,1.5625,1.2546,5.0025
1024,51,399,128.0000,16.3333,16.0000,17.3333,49.6667,32.0000,1.5521,1.2175,5.0131
1024,52,100,128.0000,15.6667,16.6667,23.3333,55.6667,32.0000,1.7396,1.8796,3.9970
1024,52,175,128.0000,15.3333,16.6667,23.3333,55.3333,32.0000,1.7292,2.0057,4.0114
1024,52,250,128.0000,17.0000,19.0000,22.3333,58.3333,32.0000,1.8229,1.8471,4.4950
1024,52,325,128.0000,15.3333,18.6667,26.3333,60.3333,32.0000,1.8854,2.0661,5.0062
1024,52,399,128.0000,16.0000,16.6667,23.6667,56.3333,32.0000,1.7604,1.9777,4.5034
1024,53,100,128.0000,16.0000,17.0000,19.0000,52.0000,32.0000,1.6250,1.3277,4.0070
1024,53,175,128.0000,17.0000,17.3333,18.6667,53.0000,32.0000,1.6562,1.4852,4.0030
1024,53,250,128.0000,17.0000,17.3333,20.0000,54.3333,32.0000,1.6979,1.5903,4.0075
1024,53,325,128.0000,16.0000,18.0000,17.6667,51.6667,32.0000,1.6146,1.4120,3.9980
1024,53,399,128.0000,15.6667,17.0000,18.3333,51.0000,32.0000,1.5938,1.5691,4.4933
1024,54,100,128.0000,16.0000,16.0000,15.3333,47.3333,32.0000,1.4792,1.2156,4.0045
1024,54,175,128.0000,15.3333,18.0000,16.0000,49.3333,32.0000,1.5417,1.1623,4.0124
1024,54,250,128.0000,16.0000,19.3333,17.3333,52.6667,32.0000,1.6458,1.1874,3.9896
1024,54,325,128.0000,15.3333,16.6667,18.0000,50.0000,32.0000,1.5625,1.2081,4.0060
1024,54,399,128.0000,15.3333,16.0000,17.0000,48.3333,32.0000,1.5104,1.3178,4.5011
1024,55,100,128.0000,16.3333,18.3333,21.3333,56.0000,32.0000,1.7500,1.6443,3.9842
1024,55,175,128.0000,15.6667,17.0000,19.6667,52.3333,32.0000,1.6354,1.6934,4.5078
1024,55,250,128.0000,15.3333,19.0000,19.3333,53.6667,32.0000,1.6771,1.6207,4.0040
1024,55,325,128.0000,16.6667,17.0000,21.0000,54.6667,32.0000,1.7083,1.6408,4.4944
1024,55,399,128.0000,16.3333,16.3333,19.3333,52.0000,32.0000,1.6250,1.7387,4.5017
1024,56,100,128.0000,15.6667,16.6667,16.3333,48.6667,32.0000,1.5208,1.2228,4.0020
1024,56,175,128.0000,15.6667,16.6667,16.6667,49.0000,32.0000,1.5312,1.1414,3.9950
1024,56,250,128.0000,15.6667,17.0000,16.3333,49.0000,32.0000,1.5312,1.2382,4.0005
1024,56,325,128.0000,16.0000,15.6667,16.0000,47.6667,32.0000,1.4896,1.2979,4.4872
1024,56,399,128.0000,15.6667,15.6667,17.0000,48.3333,32.0000,1.5104,1.2239,4.0055
1024,57,100,128.0000,16.0000,17.3333,17.6667,51.0000,32.0000,1.5938,1.2775,4.4989
1024,57,175,128.0000,16.0000,16.6667,17.0000,49.6667,32.0000,1.5521,1.3742,4.0035
1024,57,250,128.0000,15.3333,16.6667,16.3333,48.3333,32.0000,1.5104,1.2231,4.5034
1024,57,325,128.0000,15.3333,16.3333,17.0000,48.6667,32.0000,1.5208,1.3706,4.4922
1024,57,399,128.0000,16.6667,17.0000,17.6667,51.3333,32.0000,1.6042,1.5378,3.9950
1024,58,100,128.0000,16.0000,16.6667,17.3333,50.0000,32.0000,1.5625,1.4386,4.0060
1024,58,175,128.0000,16.0000,17.6667,19.6667,53.3333,32.0000,1.6667,1.4845,4.0010
1024,58,250,128.0000,15.3333,17.6667,19.6667,52.6667,32.0000,1.6458,1.5832,4.4883
1024,58,325,128.0000,16.0000,16.3333,18.0000,50.3333,32.0000,1.5729,1.4385,4.0055
1024,58,399,128.0000,16.3333,16.0000,19.3333,51.6667,32.0000,1.6146,1.6575,3.9970
1024,59,100,128.0000,15.6667,18.3333,17.6667,51.6667,32.0000,1.6146,1.3808,4.4994
1024,59,175,128.0000,15.3333,17.0000,17.0000,49.3333,32.0000,1.5417,1.2746,3.9901
1024,59,250,128.0000,15.3333,16.3333,17.3333,49.0000,32.0000,1.5312,1.2248,4.5095
1024,59,325,128.0000,15.3333,17.3333,18.3333,51.0000,32.0000,1.5938,1.2954,4.0055
1024,59,399,128.0000,15.6667,17.6667,18.0000,51.3333,32.0000,1.6042,1.2382,4.5006
1024,60,100,128.0000,16.6667,16.0000,17.3333,50.0000,32.0000,1.5625,1.2026,3.9876
1024,60,175,128.0000,16.3333,16.6667,17.6667,50.6667,32.0000,1.5833,1.2681,3.9946
1024,60,250,128.0000,16.6667,16.0000,16.3333,49.0000,32.0000,1.5312,1.2451,3.9970
1024,60,325,128.0000,16.0000,16.3333,17.3333,49.6667,32.0000,1.5521,1.2066,4.0010
1024,60,399,128.0000,16.0000,16.6667,16.6667,49.3333,32.0000,1.5417,1.2937,5.5000
2048,3,100,256.0000,27.3333,28.0000,29.3333,84.6667,64.0000,1.3229,1.1978,3.0084
2048,3,175,256.0000,28.0000,30.3333,28.0000,86.3333,64.0000,1.3490,1.1482,2.7532
2048,3,250,256.0000,27.6667,30.3333,30.6667,88.6667,64.0000,1.3854,1.1628,3.2502
2048,3,325,256.0000,28.0000,29.0000,28.3333,85.3333,64.0000,1.3333,1.1314,3.2514
2048,3,399,256.0000,28.0000,29.3333,30.0000,87.3333,64.0000,1.3646,1.1817,2.9978
2048,4,100,256.0000,29.0000,29.0000,29.0000,87.0000,64.0000,1.3594,1.1530,3.2452
2048,4,175,256.0000,28.0000,28.3333,29.3333,85.6667,64.0000,1.3385,1.1032,3.0002
2048,4,250,256.0000,28.0000,29.0000,30.3333,87.3333,64.0000,1.3646,1.1383,2.9983
2048,4,325,256.0000,29.0000,29.6667,30.0000,88.6667,64.0000,1.3854,1.1193,3.0007
2048,4,399,256.0000,29.3333,30.3333,30.6667,90.3333,64.0000,1.4115,1.1118,3.2520
2048,5,100,256.0000,28.6667,28.3333,31.6667,88.6667,64.0000,1.3854,1.2109,3.0015
2048,5,175,256.0000,28.3333,30.0000,30.3333,88.6667,64.0000,1.3854,1.2532,3.5089
2048,5,250,256.0000,30.0000,29.6667,30.3333,90.0000,64.0000,1.4062,1.2031,2.7515
2048,5,325,256.0000,28.3333,28.3333,28.3333,85.0000,64.0000,1.3281,1.1677,3.2528
2048,5,399,256.0000,27.6667,28.6667,29.3333,85.6667,64.0000,1.3385,1.1404,3.2544
2048,6,100,256.0000,28.0000,29.3333,28.6667,86.0000,64.0000,1.3438,1.1814,2.9972
2048,6,175,256.0000,28.3333,29.0000,35.0000,92.3333,64.0000,1.4427,1.4276,3.2478
2048,6,250,256.0000,28.0000,30.0000,30.6667,88.6667,64.0000,1.3854,1.2801,3.2458
2048,6,325,256.0000,29.6667,32.0000,28.6667,90.3333,64.0000,1.4115,1.2034,2.7524
2048,6,399,256.0000,28.0000,29.3333,30.0000,87.3333,64.0000,1.3646,1.1879,3.0035
2048,7,100,256.0000,29.6667,35.3333,43.0000,108.0000,64.0000,1.6875,1.8583,3.5022
2048,7,175,256.0000,30.6667,40.6667,47.3333,118.6667,64.0000,1.8542,2.0602,4.2513
2048,7,250,256.0000,30.6667,37.0000,43.6667,111.3333,64.0000,1.7396,1.8600,3.7477
2048,7,325,256.0000,29.0000,36.0000,50.3333,115.3333,64.0000,1.8021,2.0269,3.4985
2048,7,399,256.0000,29.3333,33.3333,46.3333,109.0000,64.0000,1.7031,1.8869,3.7461
2048,8,100,256.0000,32.0000,37.3333,71.0000,140.3333,64.0000,2.1927,3.2030,4.7509
2048,8,175,256.0000,30.3333,41.6667,76.6667,148.6667,64.0000,2.3229,3.2258,5.2493
2048,8,250,256.0000,30.3333,38.3333,71.3333,140.0000,64.0000,2.1875,3.2449,4.7541
2048,8,325,256.0000,30.0000,42.0000,75.6667,147.6667,64.0000,2.3073,3.1702,4.9994
2048,8,399,256.0000,30.3333,40.6667,73.6667,144.6667,64.0000,2.2604,3.1451,5.4969
2048,9,100,256.0000,28.0000,28.6667,31.3333,88.0000,64.0000,1.3750,1.1814,2.7474
2048,9,175,256.0000,28.3333,30.6667,29.6667,88.6667,64.0000,1.3854,1.2009,2.7466
2048,9,250,256.0000,28.3333,29.3333,30.0000,87.6667,64.0000,1.3698,1.1584,3.2490
2048,9,325,256.0000,29.6667,31.0000,30.0000,90.6667,64.0000,1.4167,1.2031,3.2518
2048,9,399,256.0000,29.6667,31.6667,29.6667,91.0000,64.0000,1.4219,1.1845,3.0050
2048,10,100,256.0000,28.3333,31.6667,34.6667,94.6667,64.0000,1.4792,1.4525,3.0002
2048,10,175,255.8750,30.3333,32.3333,34.6667,97.3333,63.9688,1.5216,1.4958,3.2494
2048,10,250,256.0000,29.0000,31.6667,33.3333,94.0000,64.0000,1.4688,1.4084,3.4991
2048,10,325,256.0000,29.6667,31.6667,37.0000,98.3333,64.0000,1.5365,1.5159,3.0000
2048,10,399,256.0000,31.6667,35.0000,34.3333,101.0000,64.0000,1.5781,1.4100,3.4933
2048,11,100,256.0000,29.0000,32.0000,34.0000,95.0000,64.0000,1.4844,1.2893,2.7491
2048,11,175,255.8750,29.3333,30.6667,33.6667,93.6667,63.9688,1.4643,1.4185,3.2542
2048,11,250,256.0000,30.0000,30.6667,31.6667,92.3333,64.0000,1.4427,1.2833,3.0035
2048,11,325,256.0000,29.6667,30.6667,35.6667,96.0000,64.0000,1.5000,1.5148,2.9980
2048,11,399,256.0000,29.3333,32.6667,32.3333,94.3333,64.0000,1.4740,1.3223,3.0020
2048,12,100,256.0000,28.0000,29.6667,31.0000,88.6667,64.0000,1.3854,1.1707,3.0002
2048,12,175,255.8750,27.6667,30.0000,31.0000,88.6667,63.9688,1.3861,1.2235,3.2430
2048,12,250,256.0000,28.0000,29.0000,28.6667,85.6667,64.0000,1.3385,1.1339,2.7474
2048,12,325,256.0000,30.3333,31.3333,30.6667,92.3333,64.0000,1.4427,1.1663,3.2490
2048,12,399,256.0000,29.0000,30.0000,32.0000,91.0000,64.0000,1.4219,1.1895,3.2474
2048,13,100,256.0000,29.0000,30.3333,33.0000,92.3333,64.0000,1.4427,1.2061,3.2492
2048,13,175,255.8750,29.0000,30.3333,29.3333,88.6667,63.9688,1.3861,1.2366,2.7468
2048,13,250,256.0000,29.3333,29.6667,30.0000,89.0000,64.0000,1.3906,1.2438,3.0041
2048,13,325,256.0000,28.0000,29.3333,33.3333,90.6667,64.0000,1.4167,1.3188,3.0030
2048,13,399,256.0000,29.0000,29.3333,30.0000,88.3333,64.0000,1.3802,1.2264,3.0006
2048,14,100,256.0000,30.3333,30.0000,41.6667,102.0000,64.0000,1.5938,1.8434,3.2538
2048,14,175,255.8750,29.0000,35.6667,44.6667,109.3333,63.9688,1.7092,1.9142,3.5028
2048,14,250,256.0000,28.6667,34.3333,45.0000,108.0000,64.0000,1.6875,1.9097,3.0015
2048,14,325,256.0000,31.3333,33.6667,47.3333,112.3333,64.0000,1.7552,1.9990,4.0060
2048,14,399,256.0000,30.3333,33.0000,45.0000,108.3333,64.0000,1.6927,1.9021,3.7526
2048,15,100,256.0000,31.0000,31.0000,34.0000,96.0000,64.0000,1.5000,1.4062,3.2534
2048,15,175,255.8750,30.3333,33.6667,37.6667,101.6667,63.9688,1.5893,1.5471,3.2573
2048,15,250,256.0000,32.0000,31.3333,33.6667,97.0000,64.0000,1.5156,1.4239,3.0069
2048,15,325,256.0000,31.0000,33.3333,37.0000,101.3333,64.0000,1.5833,1.4993,2.9987
2048,15,399,256.0000,29.6667,33.0000,36.6667,99.3333,64.0000,1.5521,1.5373,3.0032
2048,16,100,256.0000,29.6667,35.0000,41.6667,106.3333,64.0000,1.6615,1.7522,3.2468
2048,16,175,255.8750,30.6667,35.6667,42.3333,108.6667,63.9688,1.6987,1.7672,3.0022
2048,16,250,256.0000,31.3333,36.6667,46.3333,114.3333,64.0000,1.7865,1.8468,3.5030
2048,16,325,256.0000,30.6667,41.0000,44.0000,115.6667,64.0000,1.8073,1.9294,3.0013
2048,16,399,256.0000,31.0000,41.0000,44.0000,116.0000,64.0000,1.8125,1.7949,3.4948
2048,17,100,256.0000,30.3333,42.6667,82.3333,155.3333,64.0000,2.4271,3.7053,5.0093
2048,17,175,255.8750,31.0000,46.6667,90.3333,168.0000,63.9688,2.6263,3.8675,6.2539
2048,17,250,256.0000,32.0000,43.6667,82.3333,158.0000,64.0000,2.4688,3.7355,5.7582
2048,17,325,256.0000,29.6667,41.3333,80.0000,151.0000,64.0000,2.3594,3.6056,5.0034
2048,17,399,256.0000,30.0000,42.3333,83.3333,155.6667,64.0000,2.4323,3.7374,4.9938
2048,18,100,256.0000,28.0000,28.6667,29.3333,86.0000,64.0000,1.3438,1.1292,2.9954
2048,18,175,255.8750,28.6667,28.0000,30.6667,87.3333,63.9688,1.3652,1.1908,3.5011
2048,18,250,256.0000,28.6667,30.3333,29.6667,88.6667,64.0000,1.3854,1.1426,2.9994
2048,18,325,256.0000,28.3333,28.3333,28.3333,85.0000,64.0000,1.3281,1.1675,3.2524
2048,18,399,256.0000,28.3333,29.0000,28.6667,86.0000,64.0000,1.3438,1.1446,3.5052
2048,19,100,256.0000,30.0000,30.3333,32.3333,92.6667,64.0000,1.4479,1.3322,2.9974
2048,19,175,255.8750,29.3333,31.0000,38.0000,98.3333,63.9688,1.5372,1.5588,3.2486
2048,19,250,256.0000,30.3333,32.6667,35.6667,98.6667,64.0000,1.5417,1.3938,3.2430
2048,19,325,256.0000,27.6667,30.6667,35.3333,93.6667,64.0000,1.4635,1.3285,3.4978
2048,19,399,256.0000,28.0000,30.6667,34.0000,92.6667,64.0000,1.4479,1.4568,3.0009
2048,20,100,256.0000,29.3333,37.3333,44.6667,111.3333,64.0000,1.7396,1.9494,3.5017
2048,20,175,255.8750,29.6667,37.0000,50.6667,117.3333,63.9688,1.8342,2.0641,3.7440
2048,20,250,256.0000,30.6667,35.6667,43.6667,110.0000,64.0000,1.7188,1.9578,3.5026
2048,20,325,256.0000,33.3333,35.3333,45.6667,114.3333,64.0000,1.7865,1.9892,3.2454
2048,20,399,256.0000,34.3333,35.0000,46.6667,116.0000,64.0000,1.8125,2.0534,3.2466
2048,21,100,256.0000,29.0000,30.3333,32.3333,91.6667,64.0000,1.4323,1.4709,3.7568
2048,21,175,255.8750,30.0000,31.3333,36.3333,97.6667,63.9688,1.5268,1.5659,3.5054
2048,21,250,256.0000,27.6667,31.0000,36.0000,94.6667,64.0000,1.4792,1.4756,2.7490
2048,21,325,256.0000,29.6667,33.0000,39.0000,101.6667,64.0000,1.5885,1.5276,2.7497
2048,21,399,256.0000,28.3333,31.3333,34.6667,94.3333,64.0000,1.4740,1.4823,3.0043
2048,22,100,256.0000,32.0000,40.0000,55.6667,127.6667,64.0000,1.9948,2.2585,4.2511
2048,22,175,255.8750,31.3333,38.0000,55.6667,125.0000,63.9688,1.9541,2.3102,3.7512
2048,22,250,256.0000,30.3333,34.6667,44.6667,109.6667,64.0000,1.7135,2.0372,3.4957
2048,22,325,256.0000,32.3333,38.0000,51.3333,121.6667,64.0000,1.9010,2.2537,3.7495
2048,22,399,256.0000,31.3333,35.3333,50.0000,116.6667,64.0000,1.8229,2.1683,3.5026
2048,23,100,256.0000,29.6667,37.6667,49.0000,116.3333,64.0000,1.8177,2.1939,3.4991
2048,23,175,255.8750,31.6667,40.3333,54.0000,126.0000,63.9688,1.9697,2.2458,4.2495
2048,23,250,256.0000,29.6667,38.0000,50.0000,117.6667,64.0000,1.8385,2.1749,3.5004
2048,23,325,256.0000,29.6667,37.0000,51.0000,117.6667,64.0000,1.8385,2.1514,3.2450
2048,23,399,256.0000,29.6667,37.3333,52.0000,119.0000,64.0000,1.8594,2.1718,3.5020
2048,24,100,256.0000,31.0000,39.3333,50.0000,120.3333,64.0000,1.8802,2.0423,3.7549
2048,24,175,255.8750,30.0000,39.6667,45.3333,115.0000,63.9688,1.7978,2.0086,3.7512
2048,24,250,256.0000,31.3333,40.6667,45.6667,117.6667,64.0000,1.8385,1.9868,3.7551
2048,24,325,256.0000,30.0000,40.0000,51.0000,121.0000,64.0000,1.8906,2.1757,3.5017
2048,24,399,256.0000,30.3333,40.3333,45.6667,116.3333,64.0000,1.8177,1.9621,3.5033
2048,25,100,256.0000,29.0000,34.0000,37.0000,100.0000,64.0000,1.5625,1.5357,3.0000
2048,25,175,255.8750,30.3333,32.6667,36.0000,99.0000,63.9688,1.5476,1.5448,3.4937
2048,25,250,256.0000,31.6667,32.6667,34.3333,98.6667,64.0000,1.5417,1.4848,3.2514
2048,25,325,256.0000,29.6667,33.6667,40.0000,103.3333,64.0000,1.6146,1.4998,3.2496
2048,25,399,256.0000,30.3333,34.6667,38.3333,103.3333,64.0000,1.6146,1.5375,3.2454
2048,26,100,256.0000,30.3333,30.0000,30.3333,90.6667,64.0000,1.4167,1.1856,3.4974
2048,26,175,255.8750,29.3333,31.0000,33.0000,93.3333,63.9688,1.4590,1.3222,3.2518
2048,26,250,256.0000,28.6667,30.0000,31.0000,89.6667,64.0000,1.4010,1.2216,2.7486
2048,26,325,256.0000,30.0000,30.6667,30.0000,90.6667,64.0000,1.4167,1.1710,3.7512
2048,26,399,256.0000,28.6667,32.0000,30.3333,91.0000,64.0000,1.4219,1.2057,3.2589
2048,27,100,256.0000,31.0000,36.3333,59.0000,126.3333,64.0000,1.9740,2.5603,3.9950
2048,27,175,255.8750,29.3333,37.0000,62.0000,128.3333,63.9688,2.0062,2.6581,4.2489
2048,27,250,256.0000,29.3333,38.3333,61.0000,128.6667,64.0000,2.0104,2.6289,3.9908
2048,27,325,256.0000,29.0000,38.0000,56.6667,123.6667,64.0000,1.9323,2.5530,4.0022
2048,27,399,256.0000,29.6667,40.0000,59.0000,128.6667,64.0000,2.0104,2.5367,4.2516
2048,28,100,256.0000,31.0000,43.0000,71.0000,145.0000,64.0000,2.2656,3.1006,4.5020
2048,28,175,255.8750,32.3333,44.0000,81.3333,157.6667,63.9688,2.4647,3.2911,5.2523
2048,28,250,256.0000,30.6667,45.3333,71.3333,147.3333,64.0000,2.3021,3.2129,4.7479
2048,28,325,256.0000,33.0000,44.3333,69.3333,146.6667,64.0000,2.2917,3.0965,4.9957
2048,28,399,256.0000,32.6667,41.6667,69.6667,144.0000,64.0000,2.2500,3.1294,4.7476
2048,29,100,256.0000,30.3333,39.0000,63.0000,132.3333,64.0000,2.0677,2.6958,4.2521
2048,29,175,255.8750,31.3333,40.3333,66.3333,138.0000,63.9688,2.1573,2.8702,4.7586
2048,29,250,256.0000,34.0000,40.6667,64.6667,139.3333,64.0000,2.1771,2.8739,4.5014
2048,29,325,256.0000,29.0000,37.0000,65.0000,131.0000,64.0000,2.0469,2.7700,4.2503
2048,29,399,256.0000,29.6667,38.0000,62.0000,129.6667,64.0000,2.0260,2.6918,4.4955
2048,30,100,256.0000,28.6667,30.6667,35.6667,95.0000,64.0000,1.4844,1.5400,3.0006
2048,30,175,255.8750,28.6667,31.0000,36.6667,96.3333,63.9688,1.5059,1.6017,3.2550
2048,30,250,256.0000,30.0000,30.3333,38.6667,99.0000,64.0000,1.5469,1.5658,3.2466
2048,30,325,256.0000,29.0000,31.0000,41.3333,101.3333,64.0000,1.5833,1.6515,3.0013
2048,30,399,256.0000,29.3333,29.6667,35.3333,94.3333,64.0000,1.4740,1.5057,3.0035
2048,31,100,256.0000,27.6667,30.0000,30.6667,88.3333,64.0000,1.3802,1.1655,2.7473
2048,31,175,255.8750,30.0000,29.3333,31.0000,90.3333,63.9688,1.4121,1.2104,3.0002
2048,31,250,256.0000,28.0000,29.0000,31.3333,88.3333,64.0000,1.3802,1.1818,3.2480
2048,31,325,256.0000,28.3333,30.3333,32.6667,91.3333,64.0000,1.4271,1.2171,2.7474
2048,31,399,256.0000,29.3333,32.0000,30.3333,91.6667,64.0000,1.4323,1.1958,3.2536
2048,32,100,256.0000,30.0000,36.0000,41.0000,107.0000,64.0000,1.6719,1.6564,3.0030
2048,32,175,255.8750,30.6667,36.6667,41.0000,108.3333,63.9688,1.6935,1.7815,3.9995
2048,32,250,256.0000,31.6667,34.3333,36.6667,102.6667,64.0000,1.6042,1.6034,3.0004
2048,32,325,256.0000,31.3333,35.3333,42.3333,109.0000,64.0000,1.7031,1.6971,3.2476
2048,32,399,256.0000,30.0000,36.6667,36.3333,103.0000,64.0000,1.6094,1.5578,3.2464
2048,33,100,256.0000,29.6667,33.0000,32.0000,94.6667,64.0000,1.4792,1.2694,2.9989
2048,33,175,255.8750,30.6667,32.0000,31.6667,94.3333,63.9688,1.4747,1.3860,3.0022
2048,33,250,256.0000,29.3333,34.3333,33.3333,97.0000,64.0000,1.5156,1.3582,3.0024
2048,33,325,256.0000,32.3333,31.3333,33.3333,97.0000,64.0000,1.5156,1.3491,2.9998
2048,33,399,256.0000,29.6667,33.0000,35.3333,98.0000,64.0000,1.5312,1.4539,3.5037
2048,34,100,256.0000,31.0000,32.6667,38.6667,102.3333,64.0000,1.5990,1.6984,4.0000
2048,34,175,255.8750,29.6667,34.3333,39.0000,103.0000,63.9688,1.6102,1.6225,3.2569
2048,34,250,256.0000,30.3333,33.0000,36.0000,99.3333,64.0000,1.5521,1.5248,3.0020
2048,34,325,256.0000,30.0000,34.0000,38.3333,102.3333,64.0000,1.5990,1.5384,3.9968
2048,34,399,256.0000,29.6667,37.6667,38.3333,105.6667,64.0000,1.6510,1.5786,3.2567
2048,35,100,256.0000,28.3333,27.6667,30.6667,86.6667,64.0000,1.3542,1.2082,3.5054
2048,35,175,255.8750,29.3333,29.3333,31.3333,90.0000,63.9688,1.4069,1.2627,3.2520
2048,35,250,256.0000,27.0000,29.0000,28.3333,84.3333,64.0000,1.3177,1.1310,3.5002
2048,35,325,256.0000,28.0000,30.3333,32.0000,90.3333,64.0000,1.4115,1.2137,3.2484
2048,35,399,256.0000,29.3333,29.0000,30.6667,89.0000,64.0000,1.3906,1.1643,3.0041
2048,36,100,256.0000,29.3333,34.6667,37.0000,101.0000,64.0000,1.5781,1.5962,3.5022
2048,36,175,255.8750,30.0000,31.3333,36.3333,97.6667,63.9688,1.5268,1.5085,3.0011
2048,36,250,256.0000,29.6667,34.3333,35.0000,99.0000,64.0000,1.5469,1.5355,3.2496
2048,36,325,256.0000,30.0000,35.6667,37.6667,103.3333,64.0000,1.6146,1.5545,3.4976
2048,36,399,256.0000,31.6667,33.6667,37.3333,102.6667,64.0000,1.6042,1.5252,3.2446
2048,37,100,256.0000,30.6667,30.3333,33.0000,94.0000,64.0000,1.4688,1.2749,3.0026
2048,37,175,255.8750,30.0000,30.3333,31.6667,92.0000,63.9688,1.4382,1.2579,3.2498
2048,37,250,256.0000,29.3333,31.0000,30.6667,91.0000,64.0000,1.4219,1.3034,3.2546
2048,37,325,256.0000,30.3333,30.6667,32.0000,93.0000,64.0000,1.4531,1.3186,3.5030
2048,37,399,256.0000,29.3333,29.3333,30.3333,89.0000,64.0000,1.3906,1.2694,2.9991
2048,38,100,256.0000,30.3333,37.6667,57.0000,125.0000,64.0000,1.9531,2.4678,3.7493
2048,38,175,255.8750,31.6667,40.6667,58.0000,130.3333,63.9688,2.0375,2.5295,4.0089
2048,38,250,256.0000,31.6667,37.6667,60.0000,129.3333,64.0000,2.0208,2.6114,4.7432
2048,38,325,256.0000,31.3333,40.3333,61.3333,133.0000,64.0000,2.0781,2.6139,4.2482
2048,38,399,256.0000,32.6667,40.6667,54.0000,127.3333,64.0000,1.9896,2.4400,3.9993
2048,39,100,256.0000,29.0000,31.6667,35.3333,96.0000,64.0000,1.5000,1.4629,3.0052
2048,39,175,255.8750,30.6667,36.0000,36.6667,103.3333,63.9688,1.6154,1.5884,3.5024
2048,39,250,256.0000,30.0000,34.3333,34.6667,99.0000,64.0000,1.5469,1.5045,3.7514
2048,39,325,256.0000,29.6667,40.0000,40.3333,110.0000,64.0000,1.7188,1.6592,4.2513
2048,39,399,256.0000,29.6667,34.6667,39.0000,103.3333,64.0000,1.6146,1.6334,3.2548
2048,40,100,256.0000,29.3333,31.3333,29.3333,90.0000,64.0000,1.4062,1.1509,3.2504
2048,40,175,255.8750,30.6667,31.3333,31.3333,93.3333,63.9688,1.4590,1.2512,3.2530
2048,40,250,256.0000,29.3333,30.3333,31.6667,91.3333,64.0000,1.4271,1.3023,3.2518
2048,40,325,256.0000,28.0000,29.3333,32.6667,90.0000,64.0000,1.4062,1.1747,3.2502
2048,40,399,256.0000,28.6667,30.0000,35.0000,93.6667,64.0000,1.4635,1.2932,2.9989
2048,41,100,256.0000,29.0000,32.6667,29.3333,91.0000,64.0000,1.4219,1.2224,3.2504
2048,41,175,255.8750,29.0000,30.0000,30.6667,89.6667,63.9688,1.4017,1.2419,3.2496
2048,41,250,256.0000,28.0000,31.0000,29.0000,88.0000,64.0000,1.3750,1.1968,2.9959
2048,41,325,256.0000,29.3333,29.0000,31.6667,90.0000,64.0000,1.4063,1.1584,2.7491
2048,41,399,256.0000,28.6667,30.3333,34.0000,93.0000,64.0000,1.4531,1.1924,2.7544
2048,42,100,256.0000,28.3333,31.0000,32.6667,92.0000,64.0000,1.4375,1.3847,2.7497
2048,42,175,255.8750,29.3333,28.6667,33.3333,91.3333,63.9688,1.4278,1.3740,3.2524
2048,42,250,256.0000,28.6667,29.6667,34.6667,93.0000,64.0000,1.4531,1.3288,3.2486
2048,42,325,256.0000,29.6667,30.3333,34.0000,94.0000,64.0000,1.4688,1.3389,2.9948
2048,42,399,256.0000,28.6667,31.6667,33.3333,93.6667,64.0000,1.4635,1.3889,3.5000
2048,43,100,256.0000,27.6667,28.3333,29.0000,85.0000,64.0000,1.3281,1.1504,2.9989
2048,43,175,255.8750,28.6667,29.0000,28.6667,86.3333,63.9688,1.3496,1.1498,2.9974
2048,43,250,256.0000,28.3333,30.0000,32.3333,90.6667,64.0000,1.4167,1.1717,3.0028
2048,43,325,256.0000,29.6667,29.0000,29.0000,87.6667,64.0000,1.3698,1.1366,3.0045
2048,43,399,256.0000,30.3333,30.0000,30.3333,90.6667,64.0000,1.4167,1.2350,3.0022
2048,44,100,256.0000,28.0000,31.3333,30.3333,89.6667,64.0000,1.4010,1.2664,3.0013
2048,44,175,255.8750,28.6667,30.0000,30.6667,89.3333,63.9688,1.3965,1.2121,3.2548
2048,44,250,256.0000,28.6667,30.3333,34.0000,93.0000,64.0000,1.4531,1.2557,3.0041
2048,44,325,256.0000,27.6667,30.3333,30.3333,88.3333,64.0000,1.3802,1.2477,3.0039
2048,44,399,256.0000,27.3333,30.6667,30.3333,88.3333,64.0000,1.3802,1.3266,3.0028
2048,45,100,256.0000,29.3333,36.0000,36.3333,101.6667,64.0000,1.5885,1.5783,3.2478
2048,45,175,255.8750,29.0000,32.6667,36.6667,98.3333,63.9688,1.5372,1.5634,2.9998
2048,45,250,256.0000,28.6667,32.3333,37.0000,98.0000,64.0000,1.5312,1.6429,3.7500
2048,45,325,256.0000,30.3333,35.3333,40.3333,106.0000,64.0000,1.6562,1.5981,3.0054
2048,45,399,256.0000,30.6667,33.0000,35.6667,99.3333,64.0000,1.5521,1.5398,3.2502
2048,46,100,256.0000,28.0000,30.3333,34.0000,92.3333,64.0000,1.4427,1.4617,3.2530
2048,46,175,255.8750,27.6667,32.0000,36.0000,95.6667,63.9688,1.4955,1.4848,3.0013
2048,46,250,256.0000,29.0000,29.3333,34.6667,93.0000,64.0000,1.4531,1.4876,2.9991
2048,46,325,256.0000,31.0000,36.0000,41.6667,108.6667,64.0000,1.6979,1.5927,3.5030
2048,46,399,256.0000,30.3333,30.3333,34.0000,94.6667,64.0000,1.4792,1.4100,3.2530
2048,47,100,256.0000,31.6667,35.0000,36.3333,103.0000,64.0000,1.6094,1.4755,3.2484
2048,47,175,255.8750,28.3333,31.6667,36.3333,96.3333,63.9688,1.5059,1.5283,3.2512
2048,47,250,256.0000,29.0000,31.0000,34.6667,94.6667,64.0000,1.4792,1.4882,3.0002
2048,47,325,256.0000,29.0000,30.6667,34.6667,94.3333,64.0000,1.4740,1.4891,3.7526
2048,47,399,256.0000,28.3333,31.3333,35.3333,95.0000,64.0000,1.4844,1.5034,2.9989
2048,48,100,256.0000,29.6667,31.3333,35.3333,96.3333,64.0000,1.5052,1.4138,3.5028
2048,48,175,255.8750,29.6667,31.3333,37.0000,98.0000,63.9688,1.5320,1.5622,3.2474
2048,48,250,256.0000,29.3333,32.3333,35.3333,97.0000,64.0000,1.5156,1.3735,3.0011
2048,48,325,256.0000,29.0000,30.3333,37.0000,96.3333,64.0000,1.5052,1.4811,3.0019
2048,48,399,256.0000,29.0000,30.3333,32.0000,91.3333,64.0000,1.4271,1.2960,3.4957
2048,49,100,256.0000,27.6667,28.6667,29.0000,85.3333,64.0000,1.3333,1.2015,3.4974
2048,49,175,255.8750,29.3333,29.0000,30.0000,88.3333,63.9688,1.3809,1.2477,3.2542
2048,49,250,256.0000,26.6667,29.6667,32.0000,88.3333,64.0000,1.3802,1.2826,3.0020
2048,49,325,256.0000,28.3333,30.0000,30.6667,89.0000,64.0000,1.3906,1.2691,4.2476
2048,49,399,256.0000,28.3333,30.0000,30.6667,89.0000,64.0000,1.3906,1.1953,2.9922
2048,50,100,256.0000,27.6667,32.6667,33.0000,93.3333,64.0000,1.4583,1.3235,2.9957
2048,50,175,255.8750,29.0000,30.0000,37.0000,96.0000,63.9688,1.5007,1.4856,3.2532
2048,50,250,256.0000,28.6667,29.3333,31.6667,89.6667,64.0000,1.4010,1.2806,2.9974
2048,50,325,256.0000,27.6667,28.6667,32.3333,88.6667,64.0000,1.3854,1.3171,2.9993
2048,50,399,256.0000,28.0000,29.0000,33.6667,90.6667,64.0000,1.4167,1.3356,3.7451
2048,51,100,256.0000,28.3333,30.0000,28.3333,86.6667,64.0000,1.3542,1.1538,2.7478
2048,51,175,255.8750,28.6667,30.3333,31.0000,90.0000,63.9688,1.4069,1.1543,3.2599
2048,51,250,256.0000,28.0000,30.0000,28.6667,86.6667,64.0000,1.3542,1.2025,3.2502
2048,51,325,256.0000,27.6667,31.0000,29.0000,87.6667,64.0000,1.3698,1.1273,3.0007
2048,51,399,256.0000,28.0000,29.6667,32.0000,89.6667,64.0000,1.4010,1.1749,3.2508
2048,52,100,256.0000,30.0000,33.0000,47.3333,110.3333,64.0000,1.7240,2.0768,3.2522
2048,52,175,255.8750,28.6667,36.3333,47.6667,112.6667,63.9688,1.7613,1.9584,3.0032
2048,52,250,256.0000,30.0000,34.0000,45.0000,109.0000,64.0000,1.7031,1.8941,3.5024
2048,52,325,256.0000,28.6667,36.6667,48.0000,113.3333,64.0000,1.7708,2.0431,3.2428
2048,52,399,256.0000,29.0000,33.0000,46.6667,108.6667,64.0000,1.6979,1.9127,3.2500
2048,53,100,256.0000,30.0000,35.0000,32.3333,97.3333,64.0000,1.5208,1.4795,3.4985
2048,53,175,255.8750,30.0000,35.0000,33.3333,98.3333,63.9688,1.5372,1.4024,3.2538
2048,53,250,256.0000,29.3333,34.0000,37.0000,100.3333,64.0000,1.5677,1.6279,3.5020
2048,53,325,256.0000,29.3333,32.6667,38.6667,100.6667,64.0000,1.5729,1.6347,3.2496
2048,53,399,256.0000,29.0000,33.3333,38.3333,100.6667,64.0000,1.5729,1.5911,3.2577
2048,54,100,256.0000,28.3333,32.3333,29.6667,90.3333,64.0000,1.4115,1.1434,3.2514
2048,54,175,255.8750,28.6667,30.0000,34.0000,92.6667,63.9688,1.4486,1.2244,3.2559
2048,54,250,256.0000,28.6667,31.3333,32.3333,92.3333,64.0000,1.4427,1.3301,2.9928
2048,54,325,256.0000,28.3333,29.0000,31.3333,88.6667,64.0000,1.3854,1.2220,3.2494
2048,54,399,256.0000,28.6667,29.6667,28.6667,87.0000,64.0000,1.3594,1.1904,2.7498
2048,55,100,256.0000,34.6667,31.6667,41.3333,107.6667,64.0000,1.6823,1.6740,2.9989
2048,55,175,255.8750,30.0000,33.6667,41.3333,105.0000,63.9688,1.6414,1.7638,3.7456
2048,55,250,256.0000,28.6667,32.0000,39.3333,100.0000,64.0000,1.5625,1.5801,3.2514
2048,55,325,256.0000,29.0000,33.3333,39.0000,101.3333,64.0000,1.5833,1.6871,3.2512
2048,55,399,256.0000,29.3333,31.3333,39.3333,100.0000,64.0000,1.5625,1.5938,2.9972
2048,56,100,256.0000,28.0000,29.3333,31.0000,88.3333,64.0000,1.3802,1.1706,3.2498
2048,56,175,255.8750,28.3333,29.0000,29.3333,86.6667,63.9688,1.3548,1.2333,2.9980
2048,56,250,256.0000,28.6667,30.0000,30.6667,89.3333,64.0000,1.3958,1.1996,3.2532
2048,56,325,256.0000,28.0000,30.3333,30.3333,88.6667,64.0000,1.3854,1.1847,2.7550
2048,56,399,256.0000,28.3333,28.3333,29.0000,85.6667,64.0000,1.3385,1.1631,3.0011
2048,57,100,256.0000,29.0000,31.6667,35.3333,96.0000,64.0000,1.5000,1.3548,3.0035
2048,57,175,255.8750,28.0000,31.0000,36.6667,95.6667,63.9688,1.4955,1.4743,2.9961
2048,57,250,256.0000,27.6667,30.0000,30.3333,88.0000,64.0000,1.3750,1.3002,2.9968
2048,57,325,256.0000,30.0000,32.3333,33.3333,95.6667,64.0000,1.4948,1.3007,2.9980
2048,57,399,256.0000,29.6667,32.0000,35.3333,97.0000,64.0000,1.5156,1.3834,3.2464
2048,58,100,256.0000,30.3333,32.3333,38.0000,100.6667,64.0000,1.5729,1.5288,3.2522
2048,58,175,255.8750,29.6667,31.3333,34.3333,95.3333,63.9688,1.4903,1.5158,3.2498
2048,58,250,256.0000,27.3333,30.6667,38.0000,96.0000,64.0000,1.5000,1.5169,3.2522
2048,58,325,256.0000,32.6667,32.6667,39.6667,105.0000,64.0000,1.6406,1.6210,3.2538
2048,58,399,256.0000,29.0000,28.6667,34.0000,91.6667,64.0000,1.4323,1.4804,3.2506
2048,59,100,256.0000,29.0000,29.6667,29.6667,88.3333,64.0000,1.3802,1.1998,3.2538
2048,59,175,255.8750,28.3333,30.0000,32.0000,90.3333,63.9688,1.4121,1.2414,2.9985
2048,59,250,256.0000,29.3333,29.0000,28.6667,87.0000,64.0000,1.3594,1.2076,3.2534
2048,59,325,256.0000,30.3333,29.3333,32.0000,91.6667,64.0000,1.4323,1.2007,3.4950
2048,59,399,256.0000,28.6667,29.6667,28.6667,87.0000,64.0000,1.3594,1.1941,2.7493
2048,60,100,256.0000,30.3333,32.6667,30.3333,93.3333,64.0000,1.4583,1.3130,3.2488
2048,60,175,255.8750,28.0000,30.3333,32.0000,90.3333,63.9688,1.4121,1.1990,3.2516
2048,60,250,256.0000,30.6667,29.6667,33.0000,93.3333,64.0000,1.4583,1.2485,2.9963
2048,60,325,256.0000,29.3333,31.6667,31.3333,92.3333,64.0000,1.4427,1.3001,2.9965
2048,60,399,256.0000,27.6667,30.3333,29.6667,87.6667,64.0000,1.3698,1.2209,3.2464
4096,3,100,512.0000,53.6667,52.6667,52.0000,158.3333,128.0000,1.2370,1.1013,2.3752
4096,3,175,512.0000,52.0000,54.3333,54.0000,160.3333,128.0000,1.2526,1.1070,2.8746
4096,3,250,512.0000,55.3333,54.0000,55.0000,164.3333,128.0000,1.2839,1.1585,2.3746
4096,3,325,512.0000,52.0000,53.0000,55.3333,160.3333,128.0000,1.2526,1.1322,2.2525
4096,3,399,512.0000,52.6667,53.3333,56.3333,162.3333,128.0000,1.2682,1.1358,2.4976
4096,4,100,512.0000,53.3333,53.0000,54.0000,160.3333,128.0000,1.2526,1.1069,2.6244
4096,4,175,512.0000,55.0000,56.6667,55.3333,167.0000,128.0000,1.3047,1.1110,2.6247
4096,4,250,512.0000,54.0000,52.3333,54.3333,160.6667,128.0000,1.2552,1.1247,2.2494
4096,4,325,512.0000,52.3333,53.3333,53.3333,159.0000,128.0000,1.2422,1.1487,2.3749
4096,4,399,512.0000,53.0000,53.3333,55.0000,161.3333,128.0000,1.2604,1.1360,2.2483
4096,5,100,512.0000,52.6667,53.3333,54.0000,160.0000,128.0000,1.2500,1.0790,2.3786
4096,5,175,512.0000,52.0000,53.3333,58.0000,163.3333,128.0000,1.2760,1.1644,2.3744
4096,5,250,512.0000,54.3333,55.6667,56.3333,166.3333,128.0000,1.2995,1.1336,2.4970
4096,5,325,512.0000,53.3333,54.3333,54.0000,161.6667,128.0000,1.2630,1.1253,2.3757
4096,5,399,512.0000,51.3333,54.6667,53.3333,159.3333,128.0000,1.2448,1.1400,2.3773
4096,6,100,512.0000,53.3333,57.6667,58.0000,169.0000,128.0000,1.3203,1.1853,2.7473
4096,6,175,512.0000,52.6667,54.3333,57.3333,164.3333,128.0000,1.2839,1.2362,2.2502
4096,6,250,512.0000,52.6667,56.3333,57.6667,166.6667,128.0000,1.3021,1.2459,2.6248
4096,6,325,512.0000,51.0000,60.0000,60.6667,171.6667,128.0000,1.3411,1.2908,2.3734
4096,6,399,512.0000,51.3333,56.3333,59.6667,167.3333,128.0000,1.3073,1.2788,2.6270
4096,7,100,512.0000,52.0000,62.6667,87.6667,202.3333,128.0000,1.5807,1.8874,2.8757
4096,7,175,512.0000,54.6667,66.0000,85.3333,206.0000,128.0000,1.6094,1.8892,3.0005
4096,7,250,512.0000,53.3333,66.3333,87.3333,207.0000,128.0000,1.6172,1.9339,3.3773
4096,7,325,512.0000,55.3333,63.3333,88.3333,207.0000,128.0000,1.6172,1.9032,2.8786
4096,7,399,512.0000,54.0000,64.6667,84.3333,203.0000,128.0000,1.5859,1.9134,2.9980
4096,8,100,512.0000,60.3333,80.0000,140.0000,280.3333,128.0000,2.1901,3.1694,4.3761
4096,8,175,512.0000,55.0000,73.0000,135.3333,263.3333,128.0000,2.0573,3.0912,4.4941
4096,8,250,512.0000,59.6667,80.3333,143.3333,283.3333,128.0000,2.2135,3.1791,4.3757
4096,8,325,512.0000,60.3333,77.6667,142.0000,280.0000,128.0000,2.1875,3.2334,4.3768
4096,8,399,512.0000,58.6667,75.0000,143.3333,277.0000,128.0000,2.1641,3.2491,4.5015
4096,9,100,512.0000,52.3333,56.6667,58.0000,167.0000,128.0000,1.3047,1.1512,2.2547
4096,9,175,512.0000,53.6667,57.3333,58.6667,169.6667,128.0000,1.3255,1.1897,2.3735
4096,9,250,512.0000,52.3333,55.3333,57.6667,165.3333,128.0000,1.2917,1.2316,2.2490
4096,9,325,512.0000,54.6667,54.3333,57.6667,166.6667,128.0000,1.3021,1.1472,2.3757
4096,9,399,512.0000,55.0000,56.6667,61.0000,172.6667,128.0000,1.3490,1.2385,2.5008
4096,10,100,512.0000,53.3333,58.6667,70.0000,182.0000,128.0000,1.4219,1.5516,2.8787
4096,10,175,512.0000,57.6667,63.3333,74.6667,195.6667,128.0000,1.5286,1.5267,3.2477
4096,10,250,512.0000,52.6667,59.0000,64.3333,176.0000,128.0000,1.3750,1.4021,2.6275
4096,10,325,512.0000,53.6667,60.3333,69.6667,183.6667,128.0000,1.4349,1.4348,2.6256
4096,10,399,512.0000,54.6667,60.6667,67.6667,183.0000,128.0000,1.4297,1.4625,2.7503
4096,11,100,512.0000,53.0000,57.3333,57.6667,168.0000,128.0000,1.3125,1.2721,2.3755
4096,11,175,512.0000,55.6667,59.0000,65.0000,179.6667,128.0000,1.4036,1.4120,2.4988
4096,11,250,512.0000,58.6667,57.0000,60.0000,175.6667,128.0000,1.3724,1.2942,2.8762
4096,11,325,512.0000,54.6667,57.3333,61.3333,173.3333,128.0000,1.3542,1.2693,2.3777
4096,11,399,512.0000,53.6667,57.6667,60.3333,171.6667,128.0000,1.3411,1.2937,2.5002
4096,12,100,512.0000,52.0000,55.6667,55.0000,162.6667,128.0000,1.2708,1.2049,2.3761
4096,12,175,512.0000,54.3333,53.3333,53.6667,161.3333,128.0000,1.2604,1.1804,2.6246
4096,12,250,512.0000,56.0000,54.0000,56.6667,166.6667,128.0000,1.3021,1.1951,2.3763
4096,12,325,512.0000,53.3333,56.3333,54.0000,163.6667,128.0000,1.2786,1.1530,2.3754
4096,12,399,512.0000,54.6667,54.3333,57.0000,166.0000,128.0000,1.2969,1.2257,2.4991
4096,13,100,512.0000,54.3333,53.3333,55.6667,163.3333,128.0000,1.2760,1.1788,2.3754
4096,13,175,512.0000,54.0000,57.3333,60.3333,171.6667,128.0000,1.3411,1.2134,2.4982
4096,13,250,512.0000,55.3333,54.6667,55.0000,165.0000,128.0000,1.2891,1.2033,2.5019
4096,13,325,512.0000,51.0000,55.6667,56.3333,163.0000,128.0000,1.2734,1.1445,2.3743
4096,13,399,512.0000,51.3333,56.0000,58.6667,166.0000,128.0000,1.2969,1.2224,2.6255
4096,14,100,512.0000,53.3333,61.6667,89.0000,204.0000,128.0000,1.5938,1.9953,2.8739
4096,14,175,512.0000,56.6667,65.6667,91.3333,213.6667,128.0000,1.6693,2.0127,3.1232
4096,14,250,512.0000,56.6667,65.3333,88.6667,210.6667,128.0000,1.6458,1.9242,3.3743
4096,14,325,512.0000,57.0000,65.3333,90.3333,212.6667,128.0000,1.6615,1.8951,2.9973
4096,14,399,512.0000,56.3333,67.0000,94.6667,218.0000,128.0000,1.7031,1.9971,3.0016
4096,15,100,512.0000,58.3333,64.6667,71.6667,194.6667,128.0000,1.5208,1.4807,3.2512
4096,15,175,512.0000,56.6667,62.6667,70.0000,189.3333,128.0000,1.4792,1.5550,2.7491
4096,15,250,512.0000,58.6667,62.3333,70.3333,191.3333,128.0000,1.4948,1.5548,2.4988
4096,15,325,512.0000,55.3333,61.0000,69.6667,186.0000,128.0000,1.4531,1.4955,2.7491
4096,15,399,512.0000,57.6667,62.6667,70.0000,190.3333,128.0000,1.4870,1.5480,2.6223
4096,16,100,512.0000,58.6667,73.0000,78.6667,210.3333,128.0000,1.6432,1.7477,2.7463
4096,16,175,512.0000,58.0000,69.0000,81.0000,208.0000,128.0000,1.6250,1.7137,3.0025
4096,16,250,512.0000,57.0000,69.6667,81.6667,208.3333,128.0000,1.6276,1.7142,2.7499
4096,16,325,512.0000,56.6667,66.6667,80.6667,204.0000,128.0000,1.5937,1.7608,3.0016
4096,16,399,512.0000,56.6667,68.3333,82.6667,207.6667,128.0000,1.6224,1.7305,3.0007
4096,17,100,512.0000,57.0000,83.0000,161.3333,301.3333,128.0000,2.3542,3.6417,4.7510
4096,17,175,512.0000,58.6667,83.6667,166.0000,308.3333,128.0000,2.4089,3.7546,4.9955
4096,17,250,512.0000,58.0000,77.6667,162.3333,298.0000,128.0000,2.3281,3.6348,4.8748
4096,17,325,512.0000,57.0000,81.6667,160.0000,298.6667,128.0000,2.3333,3.6888,5.0005
4096,17,399,512.0000,56.3333,82.0000,162.0000,300.3333,128.0000,2.3464,3.6383,4.6267
4096,18,100,512.0000,52.0000,53.6667,58.0000,163.6667,128.0000,1.2786,1.1454,2.6264
4096,18,175,512.0000,51.3333,53.6667,53.3333,158.3333,128.0000,1.2370,1.1026,2.3780
4096,18,250,512.0000,52.0000,53.3333,58.0000,163.3333,128.0000,1.2760,1.1259,2.3728
4096,18,325,512.0000,52.6667,57.0000,53.6667,163.3333,128.0000,1.2760,1.1447,2.3746
4096,18,399,512.0000,51.0000,53.6667,56.3333,161.0000,128.0000,1.2578,1.1152,2.3710
4096,19,100,512.0000,56.3333,60.3333,64.0000,180.6667,128.0000,1.4115,1.3437,2.2507
4096,19,175,512.0000,52.6667,64.0000,66.0000,182.6667,128.0000,1.4271,1.4192,2.3759
4096,19,250,512.0000,55.0000,59.6667,61.0000,175.6667,128.0000,1.3724,1.3488,2.3743
4096,19,325,512.0000,52.6667,55.0000,61.6667,169.3333,128.0000,1.3229,1.3137,2.3754
4096,19,399,512.0000,52.0000,60.3333,73.3333,185.6667,128.0000,1.4505,1.4670,2.7476
4096,20,100,512.0000,57.6667,68.0000,88.6667,214.3333,128.0000,1.6745,1.9670,2.8732
4096,20,175,512.0000,58.0000,70.3333,97.6667,226.0000,128.0000,1.7656,1.9914,3.1240
4096,20,250,512.0000,56.6667,66.3333,87.3333,210.3333,128.0000,1.6432,1.9235,2.8734
4096,20,325,512.0000,60.3333,73.6667,95.6667,229.6667,128.0000,1.7943,1.9521,3.1245
4096,20,399,512.0000,56.6667,68.0000,91.6667,216.3333,128.0000,1.6901,2.0038,2.8747
4096,21,100,512.0000,53.0000,57.3333,70.3333,180.6667,128.0000,1.4115,1.5298,3.1211
4096,21,175,512.0000,55.3333,60.3333,76.6667,192.3333,128.0000,1.5026,1.6425,2.6275
4096,21,250,512.0000,54.3333,59.0000,68.3333,181.6667,128.0000,1.4193,1.4700,2.3778
4096,21,325,512.0000,56.3333,60.3333,79.0000,195.6667,128.0000,1.5286,1.7020,2.8777
4096,21,399,512.0000,56.0000,58.6667,71.3333,186.0000,128.0000,1.4531,1.5545,3.1269
4096,22,100,512.0000,59.3333,72.3333,103.0000,234.6667,128.0000,1.8333,2.1571,3.4973
4096,22,175,512.0000,59.3333,75.3333,98.3333,233.0000,128.0000,1.8203,2.2046,3.5004
4096,22,250,512.0000,61.3333,74.6667,102.3333,238.3333,128.0000,1.8620,2.1540,3.0018
4096,22,325,512.0000,60.0000,69.6667,92.6667,222.3333,128.0000,1.7370,2.1128,3.3745
4096,22,399,512.0000,60.0000,71.6667,94.3333,226.0000,128.0000,1.7656,2.0767,3.5023
4096,23,100,512.0000,59.0000,63.6667,91.0000,213.6667,128.0000,1.6693,2.0499,3.1225
4096,23,175,512.0000,58.0000,69.6667,104.6667,232.3333,128.0000,1.8151,2.2200,3.3747
4096,23,250,512.0000,57.3333,70.6667,89.6667,217.6667,128.0000,1.7005,2.0325,2.9982
4096,23,325,512.0000,57.6667,70.0000,95.3333,223.0000,128.0000,1.7422,2.0567,3.4986
4096,23,399,512.0000,57.0000,66.6667,90.6667,214.3333,128.0000,1.6745,2.0420,3.1256
4096,24,100,512.0000,59.3333,75.3333,99.0000,233.6667,128.0000,1.8255,2.1275,3.5009
4096,24,175,512.0000,57.6667,78.3333,98.3333,234.3333,128.0000,1.8307,2.0931,3.3747
4096,24,250,512.0000,56.6667,75.0000,94.0000,225.6667,128.0000,1.7630,1.9948,2.8790
4096,24,325,512.0000,60.3333,75.0000,95.0000,230.3333,128.0000,1.7995,2.1062,3.6268
4096,24,399,512.0000,59.0000,78.3333,94.6667,232.0000,128.0000,1.8125,2.0412,3.1243
4096,25,100,512.0000,54.6667,65.0000,74.3333,194.0000,128.0000,1.5156,1.6164,2.8774
4096,25,175,512.0000,56.0000,61.3333,76.0000,193.3333,128.0000,1.5104,1.5878,2.8760
4096,25,250,512.0000,54.0000,65.3333,71.3333,190.6667,128.0000,1.4896,1.5360,2.6255
4096,25,325,512.0000,58.0000,63.6667,73.3333,195.0000,128.0000,1.5234,1.5533,2.6246
4096,25,399,512.0000,57.0000,64.6667,74.3333,196.0000,128.0000,1.5312,1.5764,2.6233
4096,26,100,512.0000,54.0000,57.0000,56.0000,167.0000,128.0000,1.3047,1.2100,2.3783
4096,26,175,512.0000,54.6667,55.3333,56.6667,166.6667,128.0000,1.3021,1.2164,2.5003
4096,26,250,512.0000,57.3333,58.3333,60.3333,176.0000,128.0000,1.3750,1.2018,2.7486
4096,26,325,512.0000,56.6667,55.3333,57.3333,169.3333,128.0000,1.3229,1.2111,2.3766
4096,26,399,512.0000,56.3333,57.3333,57.3333,171.0000,128.0000,1.3359,1.1895,2.5022
4096,27,100,512.0000,55.0000,75.6667,114.0000,244.6667,128.0000,1.9115,2.5859,3.6231
4096,27,175,512.0000,55.3333,69.6667,110.3333,235.3333,128.0000,1.8385,2.5633,3.6247
4096,27,250,512.0000,54.3333,75.3333,113.6667,243.3333,128.0000,1.9010,2.4606,3.5004
4096,27,325,512.0000,58.6667,72.6667,120.6667,252.0000,128.0000,1.9688,2.5914,3.8751
4096,27,399,512.0000,56.6667,69.3333,111.3333,237.3333,128.0000,1.8542,2.5168,3.3736
4096,28,100,512.0000,60.6667,85.3333,143.3333,289.3333,128.0000,2.2604,3.1094,4.5032
4096,28,175,512.0000,58.6667,82.0000,144.3333,285.0000,128.0000,2.2266,3.1771,4.4979
4096,28,250,512.0000,57.0000,80.3333,139.3333,276.6667,128.0000,2.1615,3.0229,4.0014
4096,28,325,512.0000,59.0000,80.6667,134.3333,274.0000,128.0000,2.1406,3.0124,4.1256
4096,28,399,512.0000,57.3333,81.6667,138.0000,277.0000,128.0000,2.1641,3.0773,4.4941
4096,29,100,512.0000,57.0000,73.0000,121.0000,251.0000,128.0000,1.9609,2.7571,3.8767
4096,29,175,512.0000,57.6667,73.6667,127.0000,258.3333,128.0000,2.0182,2.8138,3.8755
4096,29,250,512.0000,57.6667,75.0000,114.0000,246.6667,128.0000,1.9271,2.6046,3.6270
4096,29,325,512.0000,60.3333,75.6667,124.6667,260.6667,128.0000,2.0365,2.8039,3.8810
4096,29,399,512.0000,59.0000,76.0000,118.3333,253.3333,128.0000,1.9792,2.6820,3.9993
4096,30,100,512.0000,52.6667,60.3333,72.6667,185.6667,128.0000,1.4505,1.5625,2.6233
4096,30,175,512.0000,54.6667,60.0000,74.3333,189.0000,128.0000,1.4766,1.6468,2.8750
4096,30,250,512.0000,57.0000,62.6667,69.6667,189.3333,128.0000,1.4792,1.5160,2.6218
4096,30,325,512.0000,52.3333,67.3333,76.0000,195.6667,128.0000,1.5286,1.6286,2.6244
4096,30,399,512.0000,57.0000,59.3333,76.0000,192.3333,128.0000,1.5026,1.6234,2.5005
4096,31,100,512.0000,54.3333,57.0000,58.3333,169.6667,128.0000,1.3255,1.2463,2.5005
4096,31,175,512.0000,51.0000,56.3333,59.6667,167.0000,128.0000,1.3047,1.2639,2.5001
4096,31,250,512.0000,53.3333,53.6667,58.3333,165.3333,128.0000,1.2917,1.2260,2.3746
4096,31,325,512.0000,55.0000,59.0000,57.0000,171.0000,128.0000,1.3359,1.1991,2.3764
4096,31,399,512.0000,52.3333,56.3333,57.3333,166.0000,128.0000,1.2969,1.1892,2.3763
4096,32,100,512.0000,57.3333,72.0000,77.6667,207.0000,128.0000,1.6172,1.7353,2.7487
4096,32,175,512.0000,58.3333,68.0000,76.6667,203.0000,128.0000,1.5859,1.6682,3.2492
4096,32,250,512.0000,58.0000,64.3333,71.6667,194.0000,128.0000,1.5156,1.5934,2.5002
4096,32,325,512.0000,56.0000,65.6667,74.6667,196.3333,128.0000,1.5339,1.6306,2.4964
4096,32,399,512.0000,60.3333,63.0000,77.3333,200.6667,128.0000,1.5677,1.6682,2.6243
4096,33,100,512.0000,56.0000,61.3333,63.0000,180.3333,128.0000,1.4089,1.3753,2.3754
4096,33,175,512.0000,56.0000,56.3333,66.3333,178.6667,128.0000,1.3958,1.3904,2.4992
4096,33,250,512.0000,54.0000,60.6667,64.0000,178.6667,128.0000,1.3958,1.4194,2.3763
4096,33,325,512.0000,54.0000,59.6667,66.0000,179.6667,128.0000,1.4036,1.3801,2.5021
4096,33,399,512.0000,54.6667,63.3333,70.0000,188.0000,128.0000,1.4688,1.4772,2.5016
4096,34,100,512.0000,58.3333,64.3333,73.6667,196.3333,128.0000,1.5339,1.6100,2.7515
4096,34,175,512.0000,56.3333,66.6667,71.6667,194.6667,128.0000,1.5208,1.5969,2.4995
4096,34,250,512.0000,54.6667,67.3333,72.6667,194.6667,128.0000,1.5208,1.5807,2.5022
4096,34,325,512.0000,55.6667,65.0000,74.0000,194.6667,128.0000,1.5208,1.6214,2.7507
4096,34,399,512.0000,55.3333,70.6667,77.6667,203.6667,128.0000,1.5911,1.6463,3.2489
4096,35,100,512.0000,53.3333,55.6667,58.0000,167.0000,128.0000,1.3047,1.2763,2.3760
4096,35,175,512.0000,51.0000,53.0000,57.6667,161.6667,128.0000,1.2630,1.2438,2.3746
4096,35,250,512.0000,52.3333,54.6667,56.3333,163.3333,128.0000,1.2760,1.2004,2.5000
4096,35,325,512.0000,52.6667,58.6667,63.6667,175.0000,128.0000,1.3672,1.2574,2.6279
4096,35,399,512.0000,53.6667,57.3333,61.0000,172.0000,128.0000,1.3438,1.2817,2.4999
4096,36,100,512.0000,54.3333,62.6667,75.0000,192.0000,128.0000,1.5000,1.5316,2.4965
4096,36,175,512.0000,59.0000,67.0000,72.6667,198.6667,128.0000,1.5521,1.5725,3.1271
4096,36,250,512.0000,55.6667,65.6667,66.6667,188.0000,128.0000,1.4688,1.4627,2.3757
4096,36,325,512.0000,57.6667,65.0000,71.3333,194.0000,128.0000,1.5156,1.5466,3.1269
4096,36,399,512.0000,53.3333,63.3333,71.3333,188.0000,128.0000,1.4688,1.5553,2.4996
4096,37,100,512.0000,54.0000,59.0000,56.6667,169.6667,128.0000,1.3255,1.1738,2.4984
4096,37,175,512.0000,55.0000,57.0000,60.3333,172.3333,128.0000,1.3464,1.3018,2.5005
4096,37,250,512.0000,53.6667,62.0000,58.6667,174.3333,128.0000,1.3620,1.2422,2.3752
4096,37,325,512.0000,58.6667,58.0000,61.0000,177.6667,128.0000,1.3880,1.1872,2.6265
4096,37,399,512.0000,54.0000,59.0000,60.0000,173.0000,128.0000,1.3516,1.2920,2.2506
4096,38,100,512.0000,59.0000,75.0000,112.3333,246.3333,128.0000,1.9245,2.4962,3.5002
4096,38,175,512.0000,56.3333,75.3333,120.6667,252.3333,128.0000,1.9714,2.6442,3.9990
4096,38,250,512.0000,58.6667,74.0000,110.0000,242.6667,128.0000,1.8958,2.4709,3.6288
4096,38,325,512.0000,60.6667,77.6667,114.3333,252.6667,128.0000,1.9740,2.5687,3.7576
4096,38,399,512.0000,57.6667,73.3333,110.0000,241.0000,128.0000,1.8828,2.4376,3.6267
4096,39,100,512.0000,55.6667,65.3333,71.0000,192.0000,128.0000,1.5000,1.5115,2.3744
4096,39,175,512.0000,54.0000,70.3333,77.3333,201.6667,128.0000,1.5755,1.5721,2.5011
4096,39,250,512.0000,56.3333,63.6667,68.0000,188.0000,128.0000,1.4688,1.4736,2.6239
4096,39,325,512.0000,54.3333,66.3333,68.0000,188.6667,128.0000,1.4740,1.5261,2.6289
4096,39,399,512.0000,55.6667,69.3333,73.6667,198.6667,128.0000,1.5521,1.6292,2.9968
4096,40,100,512.0000,55.0000,58.6667,56.3333,170.0000,128.0000,1.3281,1.2349,2.3765
4096,40,175,512.0000,55.3333,55.3333,58.3333,169.0000,128.0000,1.3203,1.2555,2.3741
4096,40,250,512.0000,56.3333,55.3333,56.6667,168.3333,128.0000,1.3151,1.1673,2.3724
4096,40,325,512.0000,55.3333,59.3333,58.0000,172.6667,128.0000,1.3490,1.2582,2.6256
4096,40,399,512.0000,56.3333,55.0000,57.0000,168.3333,128.0000,1.3151,1.2155,2.5026
4096,41,100,512.0000,52.6667,54.0000,57.3333,164.0000,128.0000,1.2812,1.2040,2.4992
4096,41,175,512.0000,54.3333,56.0000,60.6667,171.0000,128.0000,1.3359,1.3066,2.3732
4096,41,250,512.0000,51.0000,54.6667,57.6667,163.3333,128.0000,1.2760,1.1820,2.6238
4096,41,325,512.0000,53.3333,55.6667,60.3333,169.3333,128.0000,1.3229,1.2178,2.3742
4096,41,399,512.0000,52.3333,58.6667,59.0000,170.0000,128.0000,1.3281,1.2011,2.6266
4096,42,100,512.0000,53.6667,57.0000,62.3333,173.0000,128.0000,1.3516,1.3435,2.5004
4096,42,175,512.0000,54.0000,61.6667,64.0000,179.6667,128.0000,1.4036,1.4180,2.3739
4096,42,250,512.0000,53.3333,59.6667,60.6667,173.6667,128.0000,1.3568,1.3224,2.2517
4096,42,325,512.0000,54.3333,59.0000,60.6667,174.0000,128.0000,1.3594,1.3567,2.4991
4096,42,399,512.0000,53.6667,58.0000,63.3333,175.0000,128.0000,1.3672,1.3770,2.5000
4096,43,100,512.0000,54.3333,54.6667,57.3333,166.3333,128.0000,1.2995,1.1847,2.3754
4096,43,175,512.0000,54.3333,59.0000,56.6667,170.0000,128.0000,1.3281,1.1476,2.3765
4096,43,250,512.0000,52.6667,55.3333,57.6667,165.6667,128.0000,1.2943,1.1310,2.5002
4096,43,325,512.0000,54.3333,55.6667,55.6667,165.6667,128.0000,1.2943,1.1425,2.7492
4096,43,399,512.0000,52.3333,54.0000,55.3333,161.6667,128.0000,1.2630,1.1512,2.5009
4096,44,100,512.0000,52.6667,56.3333,61.0000,170.0000,128.0000,1.3281,1.3475,2.5005
4096,44,175,512.0000,56.0000,58.3333,64.6667,179.0000,128.0000,1.3984,1.3803,2.4988
4096,44,250,512.0000,53.3333,56.6667,66.3333,176.3333,128.0000,1.3776,1.3682,2.2485
4096,44,325,512.0000,52.3333,56.0000,59.3333,167.6667,128.0000,1.3099,1.2726,2.3764
4096,44,399,512.0000,53.3333,57.3333,63.3333,174.0000,128.0000,1.3594,1.2953,2.4994
4096,45,100,512.0000,54.6667,61.0000,77.6667,193.3333,128.0000,1.5104,1.6227,2.6245
4096,45,175,512.0000,53.6667,62.3333,78.3333,194.3333,128.0000,1.5182,1.5869,2.4994
4096,45,250,512.0000,54.0000,58.6667,77.6667,190.3333,128.0000,1.4870,1.6144,2.4990
4096,45,325,512.0000,55.0000,65.3333,76.3333,196.6667,128.0000,1.5365,1.7040,2.6275
4096,45,399,512.0000,55.6667,59.6667,75.3333,190.6667,128.0000,1.4896,1.6024,2.4957
4096,46,100,512.0000,54.0000,57.6667,70.0000,181.6667,128.0000,1.4193,1.5361,2.4974
4096,46,175,512.0000,52.6667,60.0000,69.6667,182.3333,128.0000,1.4245,1.5173,2.8739
4096,46,250,512.0000,56.0000,61.0000,68.6667,185.6667,128.0000,1.4505,1.5026,2.3728
4096,46,325,512.0000,55.0000,59.6667,69.3333,184.0000,128.0000,1.4375,1.5802,2.6230
4096,46,399,512.0000,55.3333,60.3333,73.0000,188.6667,128.0000,1.4740,1.5853,2.3750
4096,47,100,512.0000,59.0000,62.0000,71.3333,192.3333,128.0000,1.5026,1.4966,2.5010
4096,47,175,512.0000,52.6667,59.3333,74.3333,186.3333,128.0000,1.4557,1.5225,2.7513
4096,47,250,512.0000,53.6667,58.6667,67.0000,179.3333,128.0000,1.4010,1.4298,2.4988
4096,47,325,512.0000,54.3333,59.6667,73.6667,187.6667,128.0000,1.4661,1.5231,2.3739
4096,47,399,512.0000,54.0000,57.3333,70.6667,182.0000,128.0000,1.4219,1.5784,2.4985
4096,48,100,512.0000,55.0000,57.6667,69.0000,181.6667,128.0000,1.4193,1.4966,2.5009
4096,48,175,512.0000,52.3333,59.3333,63.0000,174.6667,128.0000,1.3646,1.3852,2.3755
4096,48,250,512.0000,56.0000,57.3333,65.3333,178.6667,128.0000,1.3958,1.3481,2.3765
4096,48,325,512.0000,56.3333,60.0000,67.6667,184.0000,128.0000,1.4375,1.4055,2.7514
4096,48,399,512.0000,53.3333,60.6667,70.0000,184.0000,128.0000,1.4375,1.4188,2.6253
4096,49,100,512.0000,53.3333,54.3333,60.6667,168.3333,128.0000,1.3151,1.2814,2.4994
4096,49,175,512.0000,53.6667,54.0000,59.3333,167.0000,128.0000,1.3047,1.2713,2.4990
4096,49,250,512.0000,53.3333,56.0000,59.0000,168.3333,128.0000,1.3151,1.2150,2.5015
4096,49,325,512.0000,53.0000,55.3333,55.0000,163.3333,128.0000,1.2760,1.1895,2.6271
4096,49,399,512.0000,54.0000,54.6667,59.6667,168.3333,128.0000,1.3151,1.2906,2.3767
4096,50,100,512.0000,56.0000,55.6667,58.0000,169.6667,128.0000,1.3255,1.2537,2.6245
4096,50,175,512.0000,54.0000,56.6667,64.6667,175.3333,128.0000,1.3698,1.3640,2.5017
4096,50,250,512.0000,53.3333,56.6667,61.0000,171.0000,128.0000,1.3359,1.2816,2.3747
4096,50,325,512.0000,58.0000,55.6667,58.0000,171.6667,128.0000,1.3411,1.2380,2.3748
4096,50,399,512.0000,54.0000,56.0000,60.6667,170.6667,128.0000,1.3333,1.3169,2.4990
4096,51,100,512.0000,54.0000,56.6667,55.3333,166.0000,128.0000,1.2969,1.1327,2.2495
4096,51,175,512.0000,55.6667,54.3333,55.6667,165.6667,128.0000,1.2943,1.0703,2.3725
4096,51,250,512.0000,51.6667,53.3333,55.0000,160.0000,128.0000,1.2500,1.1178,2.2515
4096,51,325,512.0000,53.6667,54.0000,55.0000,162.6667,128.0000,1.2708,1.1304,2.4987
4096,51,399,512.0000,54.3333,54.0000,53.6667,162.0000,128.0000,1.2656,1.1374,2.6261
4096,52,100,512.0000,54.3333,59.3333,90.3333,204.0000,128.0000,1.5938,1.9500,2.7494
4096,52,175,512.0000,53.3333,63.0000,90.6667,207.0000,128.0000,1.6172,2.0073,2.9961
4096,52,250,512.0000,56.0000,64.3333,86.6667,207.0000,128.0000,1.6172,1.9311,2.6230
4096,52,325,512.0000,54.3333,62.6667,89.0000,206.0000,128.0000,1.6094,1.9779,2.8746
4096,52,399,512.0000,54.0000,64.3333,92.3333,210.6667,128.0000,1.6458,2.0018,2.9967
4096,53,100,512.0000,52.6667,58.6667,74.0000,185.3333,128.0000,1.4479,1.5124,2.4975
4096,53,175,512.0000,54.6667,57.3333,77.3333,189.3333,128.0000,1.4792,1.5718,2.4974
4096,53,250,512.0000,53.0000,58.6667,72.6667,184.3333,128.0000,1.4401,1.5427,2.3735
4096,53,325,512.0000,56.0000,58.6667,66.6667,181.3333,128.0000,1.4167,1.4943,2.3754
4096,53,399,512.0000,56.0000,63.3333,71.0000,190.3333,128.0000,1.4870,1.5469,2.6238
4096,54,100,512.0000,53.6667,54.6667,56.0000,164.3333,128.0000,1.2839,1.1439,2.7524
4096,54,175,512.0000,56.6667,55.3333,65.3333,177.3333,128.0000,1.3854,1.2490,2.4979
4096,54,250,512.0000,54.3333,56.3333,59.6667,170.3333,128.0000,1.3307,1.2303,2.8753
4096,54,325,512.0000,52.0000,52.0000,55.3333,159.3333,128.0000,1.2448,1.1517,2.5019
4096,54,399,512.0000,53.0000,54.6667,60.0000,167.6667,128.0000,1.3099,1.2223,2.5002
4096,55,100,512.0000,57.0000,62.6667,78.0000,197.6667,128.0000,1.5443,1.6970,2.7478
4096,55,175,512.0000,53.6667,61.0000,74.0000,188.6667,128.0000,1.4740,1.6789,2.7506
4096,55,250,512.0000,57.0000,64.3333,86.0000,207.3333,128.0000,1.6198,1.6892,2.7447
4096,55,325,512.0000,57.6667,62.0000,79.6667,199.3333,128.0000,1.5573,1.6919,2.6241
4096,55,399,512.0000,58.0000,69.6667,76.6667,204.3333,128.0000,1.5964,1.6601,2.4991
4096,56,100,512.0000,53.0000,53.3333,53.6667,160.0000,128.0000,1.2500,1.1130,2.4998
4096,56,175,512.0000,53.0000,54.3333,54.3333,161.6667,128.0000,1.2630,1.1912,2.2513
4096,56,250,512.0000,51.0000,51.3333,53.0000,155.3333,128.0000,1.2135,1.1370,2.3753
4096,56,325,512.0000,53.6667,55.3333,56.0000,165.0000,128.0000,1.2891,1.1972,2.4974
4096,56,399,512.0000,55.0000,56.3333,56.6667,168.0000,128.0000,1.3125,1.1228,2.3746
4096,57,100,512.0000,53.0000,59.3333,59.0000,171.3333,128.0000,1.3385,1.2632,2.4987
4096,57,175,512.0000,55.0000,55.6667,58.3333,169.0000,128.0000,1.3203,1.2852,2.6239
4096,57,250,512.0000,53.0000,57.0000,60.6667,170.6667,128.0000,1.3333,1.3507,2.7491
4096,57,325,512.0000,53.3333,58.6667,60.6667,172.6667,128.0000,1.3490,1.3058,2.5005
4096,57,399,512.0000,53.0000,65.0000,61.3333,179.3333,128.0000,1.4010,1.3215,2.3751
4096,58,100,512.0000,53.0000,58.0000,71.3333,182.3333,128.0000,1.4245,1.5725,2.3765
4096,58,175,512.0000,55.6667,61.6667,74.6667,192.0000,128.0000,1.5000,1.5432,2.7491
4096,58,250,512.0000,54.3333,65.3333,72.6667,192.3333,128.0000,1.5026,1.4916,2.6242
4096,58,325,512.0000,54.0000,60.0000,70.0000,184.0000,128.0000,1.4375,1.5237,2.5031
4096,58,399,512.0000,54.6667,56.6667,67.6667,179.0000,128.0000,1.3984,1.4723,2.7501
4096,59,100,512.0000,55.3333,55.3333,57.0000,167.6667,128.0000,1.3099,1.1703,2.3744
4096,59,175,512.0000,56.6667,54.3333,55.3333,166.3333,128.0000,1.2995,1.1794,2.2515
4096,59,250,512.0000,52.6667,53.3333,55.3333,161.3333,128.0000,1.2604,1.1452,2.5007
4096,59,325,512.0000,51.6667,55.0000,54.6667,161.3333,128.0000,1.2604,1.1586,2.3748
4096,59,399,512.0000,52.6667,57.6667,57.3333,167.6667,128.0000,1.3099,1.1453,2.3760
4096,60,100,512.0000,55.0000,58.6667,55.3333,169.0000,128.0000,1.3203,1.1995,2.6231
4096,60,175,512.0000,53.3333,55.3333,59.3333,168.0000,128.0000,1.3125,1.2255,2.2487
4096,60,250,512.0000,54.6667,56.0000,55.6667,166.3333,128.0000,1.2995,1.1953,2.6270
4096,60,325,512.0000,53.0000,53.0000,56.0000,162.0000,128.0000,1.2656,1.1494,2.5013
4096,60,399,512.0000,52.3333,58.3333,57.6667,168.3333,128.0000,1.3151,1.2176,2.3775
