batch,layer,iteration,recv_max_over_mean,torus_busiest_ratio,torus_phase_ratio,fullmesh_busiest_ratio,fullmesh_phase_ratio
1024,3,100,1.2233,1.2238,1.3228,1.3748,1.5417
1024,3,175,1.1742,1.1892,1.2775,1.3123,1.5725
1024,3,250,1.2216,1.2099,1.3087,1.3938,1.6014
1024,3,325,1.1662,1.2021,1.2592,1.3646,1.4993
1024,3,399,1.3026,1.2133,1.3045,1.3123,1.5315
1024,4,100,1.2077,1.1786,1.2908,1.3978,1.4599
1024,4,175,1.2859,1.1950,1.3021,1.3851,1.4993
1024,4,250,1.2644,1.1981,1.3128,1.3558,1.6163
1024,4,325,1.2759,1.2064,1.3029,1.4147,1.6116
1024,4,399,1.1756,1.2082,1.2733,1.4065,1.5417
1024,5,100,1.2770,1.2048,1.3168,1.3519,1.5809
1024,5,175,1.3246,1.2463,1.3063,1.3207,1.4981
1024,5,250,1.3090,1.2256,1.2907,1.3748,1.5730
1024,5,325,1.2210,1.2220,1.3314,1.3314,1.5911
1024,5,399,1.3654,1.1955,1.3358,1.3646,1.5627
1024,6,100,1.2937,1.1928,1.3282,1.3646,1.5417
1024,6,175,1.2778,1.2160,1.3382,1.3436,1.5520
1024,6,250,1.1772,1.1717,1.3047,1.3558,1.6271
1024,6,325,1.3006,1.2253,1.3165,1.4040,1.5497
1024,6,399,1.2786,1.1898,1.3331,1.3856,1.5412
1024,7,100,1.8949,1.3960,1.5158,1.6116,1.7987
1024,7,175,1.9290,1.4268,1.6013,1.7814,2.0102
1024,7,250,1.8547,1.3710,1.5301,1.6613,1.8904
1024,7,325,1.9363,1.4026,1.6157,1.7599,1.8848
1024,7,399,2.0302,1.3943,1.5560,1.5916,1.8514
1024,8,100,3.3672,1.8899,1.9761,2.4158,2.4368
1024,8,175,3.2191,1.8798,1.9658,2.2845,2.4301
1024,8,250,3.0801,1.8878,1.9553,2.3226,2.5305
1024,8,325,3.1826,1.8535,1.9445,2.2740,2.4088
1024,8,399,3.4978,1.9069,1.9668,2.1944,2.3704
1024,9,100,1.2740,1.2013,1.3054,1.4637,1.6200
1024,9,175,1.2140,1.1941,1.2985,1.3231,1.5315
1024,9,250,1.1846,1.1891,1.3194,1.3456,1.5543
1024,9,325,1.2935,1.2538,1.3270,1.4373,1.6144
1024,9,399,1.3363,1.2343,1.3595,1.4081,1.5748
1024,10,100,1.5251,1.2914,1.3773,1.5310,1.5832
1024,10,175,1.5178,1.2019,1.3741,1.3456,1.6271
1024,10,250,1.5327,1.2887,1.4004,1.3953,1.6667
1024,10,325,1.5891,1.3221,1.4577,1.5122,1.7209
1024,10,399,1.5610,1.2558,1.4610,1.4873,1.7573
1024,11,100,1.3846,1.2767,1.3856,1.4229,1.6200
1024,11,175,1.4434,1.2646,1.3867,1.3728,1.5707
1024,11,250,1.2862,1.2394,1.3382,1.3021,1.5207
1024,11,325,1.3229,1.2298,1.3650,1.4040,1.5604
1024,11,399,1.6274,1.2967,1.4061,1.4895,1.6872
1024,12,100,1.2784,1.2111,1.3177,1.2918,1.5417
1024,12,175,1.3181,1.2367,1.3019,1.3748,1.5002
1024,12,250,1.2703,1.2003,1.2892,1.3953,1.5622
1024,12,325,1.2998,1.1986,1.3080,1.3416,1.5702
1024,12,399,1.3162,1.2846,1.3338,1.3416,1.5185
1024,13,100,1.2621,1.2006,1.3072,1.3231,1.5207
1024,13,175,1.2413,1.2164,1.2609,1.4209,1.5668
1024,13,250,1.4123,1.2102,1.3092,1.3743,1.5310
1024,13,325,1.3566,1.2358,1.3684,1.4368,1.6247
1024,13,399,1.2916,1.2507,1.3002,1.3621,1.5180
1024,14,100,1.9261,1.4664,1.5187,1.7132,1.8071
1024,14,175,1.7769,1.3165,1.4672,1.5078,1.7159
1024,14,250,1.9779,1.4036,1.5388,1.6559,1.8638
1024,14,325,1.9264,1.3516,1.4898,1.5599,1.7466
1024,14,399,2.1558,1.4457,1.6143,1.6637,1.9137
1024,15,100,1.4360,1.2646,1.4128,1.5730,1.6979
1024,15,175,1.6190,1.2992,1.4710,1.4895,1.6247
1024,15,250,1.3625,1.2735,1.3625,1.5485,1.6319
1024,15,325,1.5722,1.3775,1.4895,1.5207,1.7082
1024,15,399,1.5217,1.3182,1.3884,1.5288,1.5809
1024,16,100,1.9003,1.4146,1.5888,1.5995,1.9109
1024,16,175,2.0349,1.4951,1.5550,1.7343,1.9007
1024,16,250,1.9461,1.4529,1.5469,1.5725,1.8331
1024,16,325,1.9814,1.5288,1.6277,1.7364,1.9864
1024,16,399,1.8644,1.4284,1.5584,1.5725,1.7706
1024,17,100,3.5286,1.8485,1.9919,2.2732,2.5235
1024,17,175,3.6531,1.9109,2.0359,2.2806,2.5305
1024,17,250,3.6420,2.0007,2.0707,2.4158,2.6550
1024,17,325,3.4869,1.9137,2.0093,2.3187,2.5058
1024,17,399,3.8894,2.0154,2.0517,2.4885,2.5612
1024,18,100,1.2150,1.1977,1.2967,1.3333,1.4895
1024,18,175,1.2636,1.2070,1.3118,1.3353,1.5122
1024,18,250,1.2849,1.2360,1.2931,1.3938,1.5185
1024,18,325,1.3489,1.2231,1.2955,1.3856,1.5310
1024,18,399,1.2946,1.2628,1.2892,1.3441,1.4993
1024,19,100,1.3404,1.2438,1.3297,1.3835,1.5497
1024,19,175,1.4513,1.2387,1.4050,1.4454,1.6535
1024,19,250,1.3228,1.1917,1.3136,1.3810,1.5265
1024,19,325,1.3811,1.2735,1.3490,1.4788,1.6242
1024,19,399,1.4690,1.2474,1.3177,1.3958,1.5622
1024,20,100,1.8971,1.4187,1.5412,1.6037,1.7809
1024,20,175,2.1016,1.4831,1.5821,1.6223,1.8928
1024,20,250,1.9298,1.4219,1.4817,1.6247,1.7491
1024,20,325,1.9052,1.3594,1.5388,1.5730,1.8224
1024,20,399,2.1638,1.5031,1.6048,1.7522,1.9399
1024,21,100,1.3887,1.2568,1.3350,1.3748,1.6247
1024,21,175,1.5585,1.2908,1.4108,1.4291,1.6794
1024,21,250,1.4948,1.3534,1.3795,1.5543,1.7004
1024,21,325,1.6754,1.3172,1.4241,1.5305,1.6662
1024,21,399,1.6481,1.3260,1.4301,1.4766,1.6954
1024,22,100,2.0791,1.5350,1.7040,1.8326,2.0410
1024,22,175,2.0758,1.4586,1.5989,1.6223,1.9235
1024,22,250,1.8786,1.4688,1.5497,1.7783,1.9240
1024,22,325,2.0845,1.5392,1.6328,1.8197,1.9654
1024,22,399,2.0852,1.4766,1.5577,1.7987,1.8197
1024,23,100,2.1249,1.4951,1.5833,1.7987,1.8923
1024,23,175,2.0768,1.5495,1.6486,1.7368,1.9552
1024,23,250,2.0671,1.4406,1.5757,1.6302,1.8691
1024,23,325,2.0971,1.4422,1.6093,1.6140,1.9370
1024,23,399,2.4092,1.5071,1.6557,1.7312,2.0543
1024,24,100,2.0164,1.4839,1.6452,1.7286,1.8638
1024,24,175,1.9750,1.4855,1.6730,1.8099,1.9444
1024,24,250,2.0612,1.4898,1.6640,1.7987,1.9235
1024,24,325,2.1021,1.6389,1.7118,1.8821,2.0590
1024,24,399,2.1645,1.5755,1.6586,1.7992,2.0487
1024,25,100,1.5007,1.3619,1.4427,1.4061,1.7286
1024,25,175,1.5461,1.3311,1.4688,1.4557,1.7364
1024,25,250,1.4612,1.2679,1.3592,1.5100,1.6662
1024,25,325,1.8215,1.4143,1.5759,1.7209,1.8358
1024,25,399,1.6579,1.3841,1.4438,1.4766,1.6121
1024,26,100,1.2138,1.2126,1.3267,1.3431,1.5827
1024,26,175,1.3155,1.2429,1.3026,1.2997,1.4873
1024,26,250,1.2617,1.2256,1.3714,1.4690,1.5939
1024,26,325,1.2945,1.2552,1.3487,1.4270,1.5730
1024,26,399,1.2954,1.2202,1.2906,1.3040,1.5020
1024,27,100,2.4768,1.6506,1.7286,1.9473,2.1035
1024,27,175,2.5036,1.6379,1.7627,1.9240,2.1423
1024,27,250,2.4969,1.6481,1.7468,2.0380,2.1423
1024,27,325,2.5438,1.5853,1.6840,1.8353,2.0543
1024,27,399,2.7017,1.6871,1.7519,1.9654,2.1321
1024,28,100,3.0148,1.7898,1.9564,2.0830,2.4265
1024,28,175,3.0370,1.7600,1.9032,2.1168,2.3778
1024,28,250,2.9455,1.7862,1.8616,2.1035,2.2909
1024,28,325,3.0972,1.8563,1.9868,2.1552,2.3738
1024,28,399,3.3433,1.8902,1.9658,2.3953,2.4993
1024,29,100,2.8481,1.7435,1.8471,1.9580,2.3119
1024,29,175,2.9477,1.7236,1.8250,2.0337,2.2004
1024,29,250,2.7426,1.6538,1.7756,1.8616,2.1735
1024,29,325,2.9710,1.7290,1.9133,2.0902,2.2978
1024,29,399,2.9264,1.7613,1.8056,2.0860,2.1901
1024,30,100,1.5119,1.1915,1.3993,1.3810,1.5786
1024,30,175,1.6571,1.2868,1.4013,1.4035,1.6530
1024,30,250,1.4843,1.2289,1.3982,1.4788,1.6247
1024,30,325,1.7405,1.2986,1.4132,1.5337,1.6794
1024,30,399,1.7703,1.3385,1.4451,1.4998,1.6662
1024,31,100,1.1499,1.1997,1.2831,1.3523,1.5180
1024,31,175,1.2940,1.2082,1.2889,1.4056,1.5310
1024,31,250,1.3575,1.2394,1.3619,1.3753,1.5203
1024,31,325,1.3173,1.2151,1.2931,1.3748,1.5622
1024,31,399,1.2709,1.2135,1.2865,1.2806,1.4895
1024,32,100,1.7531,1.4179,1.4855,1.6326,1.8197
1024,32,175,1.7379,1.4494,1.5738,1.6559,1.8536
1024,32,250,1.6131,1.3116,1.4577,1.4912,1.6891
1024,32,325,1.7736,1.4197,1.4952,1.6168,1.7625
1024,32,399,1.6875,1.3806,1.4900,1.5288,1.7675
1024,33,100,1.3495,1.2316,1.3177,1.3543,1.5617
1024,33,175,1.4409,1.2277,1.3187,1.3912,1.6818
1024,33,250,1.3568,1.2438,1.3297,1.3958,1.5725
1024,33,325,1.3892,1.2577,1.4319,1.4373,1.6974
1024,33,399,1.3666,1.2466,1.3482,1.4394,1.5958
1024,34,100,1.6345,1.3428,1.4726,1.5520,1.8956
1024,34,175,1.7447,1.3036,1.4621,1.5083,1.7890
1024,34,250,1.7385,1.3673,1.4815,1.6144,1.7286
1024,34,325,1.6577,1.3324,1.5067,1.5390,1.7471
1024,34,399,1.6993,1.4400,1.4841,1.5725,1.7286
1024,35,100,1.3692,1.2066,1.3135,1.3999,1.5252
1024,35,175,1.4980,1.3260,1.3911,1.3626,1.7471
1024,35,250,1.2951,1.2933,1.3717,1.4081,1.5225
1024,35,325,1.3181,1.2682,1.3797,1.4890,1.5520
1024,35,399,1.2959,1.2180,1.2984,1.3661,1.5230
1024,36,100,1.5168,1.2655,1.3568,1.4475,1.6452
1024,36,175,1.5544,1.3482,1.4155,1.5707,1.7578
1024,36,250,1.6752,1.3175,1.4034,1.4998,1.6667
1024,36,325,1.6101,1.3741,1.4623,1.6326,1.7573
1024,36,399,1.6990,1.3770,1.4529,1.5627,1.6974
1024,37,100,1.2526,1.1908,1.2661,1.4250,1.4771
1024,37,175,1.3761,1.2421,1.3490,1.4189,1.6266
1024,37,250,1.3575,1.2735,1.3097,1.3958,1.5203
1024,37,325,1.3058,1.2643,1.3321,1.4410,1.5874
1024,37,399,1.3027,1.2291,1.3021,1.4061,1.4998
1024,38,100,2.3847,1.6979,1.7707,1.9864,2.1837
1024,38,175,2.4988,1.6079,1.6940,1.8197,2.0487
1024,38,250,2.4658,1.5941,1.8199,1.9240,2.2047
1024,38,325,2.4969,1.6272,1.7627,1.9030,2.1213
1024,38,399,2.6597,1.6171,1.7240,1.8853,2.1557
1024,39,100,1.4675,1.3114,1.4570,1.4766,1.6745
1024,39,175,1.4621,1.2854,1.4106,1.4814,1.6373
1024,39,250,1.6182,1.4104,1.4260,1.5497,1.6326
1024,39,325,1.6520,1.4034,1.4712,1.5725,1.7916
1024,39,399,1.5202,1.3866,1.4411,1.4852,1.7445
1024,40,100,1.3037,1.2099,1.3507,1.3768,1.5538
1024,40,175,1.2297,1.1917,1.2831,1.3753,1.4788
1024,40,250,1.2230,1.2211,1.2862,1.3538,1.4685
1024,40,325,1.2865,1.1715,1.2862,1.3538,1.4788
1024,40,399,1.4127,1.2811,1.3407,1.4270,1.5412
1024,41,100,1.2610,1.1914,1.2646,1.4454,1.5390
1024,41,175,1.2990,1.1998,1.3292,1.2983,1.6200
1024,41,250,1.4913,1.2541,1.3272,1.4352,1.6019
1024,41,325,1.2771,1.1863,1.3060,1.3728,1.5707
1024,41,399,1.3504,1.2679,1.3045,1.3953,1.5203
1024,42,100,1.2123,1.2325,1.3365,1.3933,1.5911
1024,42,175,1.2954,1.1997,1.3194,1.3456,1.5122
1024,42,250,1.3475,1.2120,1.3287,1.3835,1.5599
1024,42,325,1.3462,1.3319,1.4564,1.5265,1.5888
1024,42,399,1.5889,1.3199,1.3898,1.4394,1.6271
1024,43,100,1.2697,1.2592,1.3060,1.3748,1.5203
1024,43,175,1.2077,1.1706,1.3375,1.3353,1.5963
1024,43,250,1.2150,1.1667,1.3070,1.3851,1.5827
1024,43,325,1.2468,1.1847,1.2943,1.4270,1.6457
1024,43,399,1.2240,1.1522,1.2520,1.3768,1.5645
1024,44,100,1.2538,1.1707,1.3143,1.3226,1.6242
1024,44,175,1.2448,1.2220,1.2948,1.3523,1.5288
1024,44,250,1.2204,1.2222,1.3548,1.3309,1.5492
1024,44,325,1.2702,1.2372,1.3123,1.3646,1.4998
1024,44,399,1.2888,1.1952,1.3360,1.3978,1.5332
1024,45,100,1.5567,1.2889,1.3878,1.4475,1.6037
1024,45,175,1.6343,1.3165,1.4284,1.5310,1.6559
1024,45,250,1.6213,1.3038,1.4264,1.4189,1.6691
1024,45,325,1.6093,1.2534,1.3938,1.4557,1.6428
1024,45,399,1.5397,1.2787,1.4214,1.4373,1.6242
1024,46,100,1.3734,1.2450,1.3385,1.3748,1.5622
1024,46,175,1.4867,1.2466,1.3404,1.3974,1.6271
1024,46,250,1.4175,1.2124,1.3655,1.4019,1.6195
1024,46,325,1.5253,1.3035,1.4211,1.4809,1.6373
1024,46,399,1.6660,1.3631,1.4623,1.4685,1.6457
1024,47,100,1.5020,1.3485,1.4367,1.5855,1.6691
1024,47,175,1.5627,1.2775,1.3972,1.3830,1.5707
1024,47,250,1.4636,1.2947,1.3808,1.3563,1.6271
1024,47,325,1.4747,1.3080,1.3650,1.4040,1.5804
1024,47,399,1.5463,1.2985,1.4438,1.4147,1.7164
1024,48,100,1.5234,1.3038,1.4050,1.4788,1.6667
1024,48,175,1.3892,1.2162,1.3670,1.3851,1.5935
1024,48,250,1.3975,1.2655,1.3231,1.5622,1.6354
1024,48,325,1.5408,1.2577,1.4217,1.4475,1.6872
1024,48,399,1.4152,1.2674,1.3482,1.5127,1.6168
1024,49,100,1.3009,1.1946,1.3011,1.3104,1.4664
1024,49,175,1.2230,1.2189,1.2682,1.3436,1.5417
1024,49,250,1.2227,1.2448,1.3514,1.3851,1.6037
1024,49,325,1.2055,1.1865,1.2673,1.2895,1.4873
1024,49,399,1.2779,1.2082,1.2943,1.3543,1.5515
1024,50,100,1.3009,1.2178,1.3424,1.4873,1.7057
1024,50,175,1.2454,1.1921,1.2907,1.3314,1.5390
1024,50,250,1.2743,1.1779,1.3086,1.3372,1.5355
1024,50,325,1.3892,1.2838,1.3333,1.4788,1.6140
1024,50,399,1.3050,1.2265,1.3309,1.4723,1.5668
1024,51,100,1.2193,1.1995,1.3112,1.4122,1.5163
1024,51,175,1.2844,1.2195,1.3599,1.3002,1.6019
1024,51,250,1.1980,1.2204,1.3194,1.4163,1.5520
1024,51,325,1.2546,1.1979,1.2811,1.3646,1.5627
1024,51,399,1.2175,1.2108,1.3412,1.2952,1.5565
1024,52,100,1.8796,1.3141,1.4545,1.4669,1.7368
1024,52,175,2.0057,1.3962,1.4691,1.5771,1.7342
1024,52,250,1.8471,1.3626,1.5027,1.5599,1.8197
1024,52,325,2.0661,1.4602,1.5802,1.8358,1.8881
1024,52,399,1.9777,1.4112,1.5024,1.6349,1.7599
1024,53,100,1.3277,1.2517,1.3717,1.4081,1.6266
1024,53,175,1.4852,1.2916,1.3590,1.4788,1.6559
1024,53,250,1.5903,1.2959,1.4783,1.5225,1.6999
1024,53,325,1.4120,1.2516,1.3660,1.5288,1.6116
1024,53,399,1.5691,1.3572,1.4225,1.5180,1.5911
1024,54,100,1.2156,1.1606,1.2779,1.3348,1.4809
1024,54,175,1.1623,1.2066,1.3710,1.3470,1.5458
1024,54,250,1.1874,1.2304,1.2981,1.3917,1.6409
1024,54,325,1.2081,1.2231,1.3587,1.3974,1.5645
1024,54,399,1.3178,1.2003,1.3304,1.3958,1.5100
1024,55,100,1.6443,1.3302,1.4361,1.4723,1.7425
1024,55,175,1.6934,1.3717,1.4108,1.5440,1.6373
1024,55,250,1.6207,1.3480,1.4267,1.5440,1.6794
1024,55,325,1.6408,1.3182,1.3935,1.5492,1.7052
1024,55,399,1.7387,1.3255,1.4192,1.5417,1.6252
1024,56,100,1.2228,1.3019,1.3045,1.4685,1.5207
1024,56,175,1.1414,1.1674,1.2714,1.3519,1.5288
1024,56,250,1.2382,1.2294,1.2787,1.3333,1.5310
1024,56,325,1.2979,1.2180,1.3007,1.3917,1.4847
1024,56,399,1.2239,1.1838,1.2957,1.3563,1.5122
1024,57,100,1.2775,1.2853,1.3453,1.4270,1.5935
1024,57,175,1.3742,1.3045,1.3673,1.4378,1.5515
1024,57,250,1.2231,1.1823,1.3123,1.2918,1.5105
1024,57,325,1.3706,1.2483,1.3233,1.3626,1.5185
1024,57,399,1.5378,1.3080,1.3989,1.4147,1.6014
1024,58,100,1.4386,1.2229,1.3218,1.3456,1.5645
1024,58,175,1.4845,1.2970,1.4139,1.4788,1.6662
1024,58,250,1.5832,1.2460,1.4044,1.3703,1.6409
1024,58,325,1.4385,1.2412,1.3167,1.3768,1.5748
1024,58,399,1.6575,1.2699,1.3921,1.4561,1.6121
1024,59,100,1.3808,1.2256,1.3270,1.3646,1.6144
1024,59,175,1.2746,1.2049,1.3010,1.3294,1.5367
1024,59,250,1.2248,1.2294,1.2947,1.3978,1.5337
1024,59,325,1.2954,1.2175,1.3016,1.3768,1.5963
1024,59,399,1.2382,1.2343,1.3043,1.4583,1.6037
1024,60,100,1.2026,1.2480,1.3124,1.4331,1.5577
1024,60,175,1.2681,1.2169,1.3548,1.3938,1.5809
1024,60,250,1.2451,1.2751,1.3168,1.4040,1.5288
1024,60,325,1.2066,1.1667,1.3021,1.3958,1.5520
1024,60,399,1.2937,1.2523,1.3228,1.4373,1.5412
2048,3,100,1.1978,1.1306,1.1959,1.2012,1.3265
2048,3,175,1.1482,1.1329,1.2006,1.2517,1.3504
2048,3,250,1.1628,1.1133,1.1822,1.2860,1.3851
2048,3,325,1.1314,1.1577,1.1966,1.2244,1.3338
2048,3,399,1.1817,1.1539,1.1993,1.2799,1.3631
2048,4,100,1.1530,1.1400,1.2256,1.2427,1.3567
2048,4,175,1.1032,1.1382,1.1954,1.2028,1.3382
2048,4,250,1.1383,1.1603,1.1941,1.2694,1.3631
2048,4,325,1.1193,1.1407,1.2160,1.2611,1.3858
2048,4,399,1.1118,1.1437,1.2259,1.3131,1.4122
2048,5,100,1.2109,1.1308,1.2023,1.2090,1.3861
2048,5,175,1.2532,1.1605,1.2077,1.2795,1.3891
2048,5,250,1.2031,1.1593,1.2271,1.2193,1.4068
2048,5,325,1.1677,1.1451,1.2231,1.2557,1.3289
2048,5,399,1.1404,1.1145,1.1953,1.2566,1.3402
2048,6,100,1.1814,1.1525,1.2148,1.2646,1.3424
2048,6,175,1.4276,1.2447,1.2930,1.2851,1.4411
2048,6,250,1.2801,1.1520,1.2442,1.2685,1.3828
2048,6,325,1.2034,1.1556,1.2375,1.3495,1.4120
2048,6,399,1.1879,1.1265,1.2385,1.2515,1.3661
2048,7,100,1.8583,1.3300,1.4772,1.4276,1.6882
2048,7,175,2.0602,1.5184,1.5654,1.7663,1.8549
2048,7,250,1.8600,1.3788,1.4724,1.5347,1.7376
2048,7,325,2.0269,1.4409,1.5203,1.5983,1.8014
2048,7,399,1.8869,1.3614,1.4719,1.5401,1.7015
2048,8,100,3.2030,1.7956,1.8164,2.1137,2.1918
2048,8,175,3.2258,1.8366,1.8862,2.1764,2.3221
2048,8,250,3.2449,1.7570,1.8535,2.0581,2.1885
2048,8,325,3.1702,1.8248,1.8809,2.2335,2.3062
2048,8,399,3.1451,1.7548,1.8678,2.0393,2.2580
2048,9,100,1.1814,1.1902,1.2201,1.3111,1.3736
2048,9,175,1.2009,1.1899,1.2509,1.3102,1.3830
2048,9,250,1.1584,1.1364,1.1975,1.2391,1.3694
2048,9,325,1.2031,1.1725,1.2480,1.2869,1.4171
2048,9,399,1.1845,1.1997,1.2415,1.2984,1.4235
2048,10,100,1.4525,1.2566,1.2878,1.4370,1.4788
2048,10,175,1.4958,1.2404,1.3095,1.3848,1.5205
2048,10,250,1.4084,1.2873,1.3134,1.3851,1.4683
2048,10,325,1.5159,1.2461,1.3581,1.4007,1.5359
2048,10,399,1.4100,1.2658,1.3349,1.4245,1.5753
2048,11,100,1.2893,1.2471,1.2627,1.3797,1.4837
2048,11,175,1.4185,1.2292,1.2970,1.3245,1.4653
2048,11,250,1.2833,1.1538,1.2647,1.2774,1.4443
2048,11,325,1.5148,1.2163,1.3308,1.4048,1.4984
2048,11,399,1.3223,1.1932,1.3027,1.2713,1.4747
2048,12,100,1.1707,1.1343,1.1992,1.2548,1.3848
2048,12,175,1.2235,1.1441,1.2339,1.2208,1.3818
2048,12,250,1.1339,1.1591,1.2214,1.2175,1.3370
2048,12,325,1.1663,1.1794,1.2900,1.2394,1.4424
2048,12,399,1.1895,1.1850,1.2408,1.3060,1.4201
2048,13,100,1.2061,1.1690,1.2444,1.2338,1.4422
2048,13,175,1.2366,1.1911,1.2691,1.2748,1.3841
2048,13,250,1.2438,1.1316,1.2019,1.2199,1.3922
2048,13,325,1.3188,1.1498,1.2410,1.2984,1.4184
2048,13,399,1.2264,1.1615,1.2525,1.2235,1.3797
2048,14,100,1.8434,1.3480,1.4015,1.4861,1.5956
2048,14,175,1.9142,1.4471,1.4731,1.6100,1.7089
2048,14,250,1.9097,1.3808,1.4473,1.5475,1.6882
2048,14,325,1.9990,1.4007,1.5074,1.6999,1.7573
2048,14,399,1.9021,1.4094,1.4642,1.5578,1.6933
2048,15,100,1.4062,1.2969,1.3465,1.3974,1.5015
2048,15,175,1.5471,1.2980,1.4140,1.4246,1.5916
2048,15,250,1.4239,1.2432,1.3293,1.4140,1.5185
2048,15,325,1.4993,1.2783,1.4151,1.4214,1.5827
2048,15,399,1.5373,1.2865,1.4104,1.3661,1.5538
2048,16,100,1.7522,1.4068,1.4992,1.5867,1.6596
2048,16,175,1.7672,1.4056,1.5137,1.5475,1.6987
2048,16,250,1.8468,1.3911,1.5305,1.5473,1.7873
2048,16,325,1.9294,1.4349,1.5651,1.5736,1.8078
2048,16,399,1.7949,1.3972,1.4907,1.5597,1.8090
2048,17,100,3.7053,1.9769,2.0318,2.3167,2.4316
2048,17,175,3.8675,1.9877,2.0777,2.3446,2.6259
2048,17,250,3.7355,2.0321,2.0321,2.4714,2.4714
2048,17,325,3.6056,1.9200,1.9654,2.2559,2.3602
2048,17,399,3.7374,1.9191,1.9906,2.3031,2.4279
2048,18,100,1.1292,1.1503,1.2075,1.2269,1.3414
2048,18,175,1.1908,1.1264,1.2098,1.2821,1.3651
2048,18,250,1.1426,1.1247,1.2250,1.3175,1.3851
2048,18,325,1.1675,1.1620,1.2050,1.2247,1.3289
2048,18,399,1.1446,1.1373,1.1776,1.2307,1.3453
2048,19,100,1.3322,1.1759,1.2798,1.3372,1.4465
2048,19,175,1.5588,1.2887,1.3435,1.4061,1.5359
2048,19,250,1.3938,1.1937,1.2536,1.4132,1.5379
2048,19,325,1.3285,1.2018,1.2774,1.3009,1.4621
2048,19,399,1.4568,1.2123,1.2893,1.2923,1.4484
2048,20,100,1.9494,1.4055,1.4694,1.6049,1.7404
2048,20,175,2.0641,1.4168,1.5415,1.6533,1.8299
2048,20,250,1.9578,1.3888,1.4590,1.5319,1.7194
2048,20,325,1.9892,1.3874,1.5238,1.5753,1.7834
2048,20,399,2.0534,1.4290,1.5265,1.6286,1.8105
2048,21,100,1.4709,1.2336,1.2896,1.3517,1.4351
2048,21,175,1.5659,1.2623,1.3250,1.4391,1.5279
2048,21,250,1.4756,1.2965,1.3577,1.3902,1.4785
2048,21,325,1.5276,1.2053,1.3472,1.3121,1.5878
2048,21,399,1.4823,1.2085,1.3077,1.3140,1.4758
2048,22,100,2.2585,1.5495,1.6615,1.7350,1.9954
2048,22,175,2.3102,1.5977,1.6252,1.8288,1.9538
2048,22,250,2.0372,1.4537,1.5278,1.5909,1.7105
2048,22,325,2.2537,1.5647,1.6543,1.8482,1.9004
2048,22,399,2.1683,1.5005,1.5814,1.7038,1.8237
2048,23,100,2.1939,1.4385,1.5307,1.6452,1.8170
2048,23,175,2.2458,1.4930,1.5997,1.8016,1.9680
2048,23,250,2.1749,1.4780,1.5666,1.6972,1.8377
2048,23,325,2.1514,1.4493,1.5793,1.6323,1.8350
2048,23,399,2.1718,1.4967,1.5672,1.6777,1.8601
2048,24,100,2.0423,1.5199,1.5838,1.8302,1.8822
2048,24,175,2.0086,1.4700,1.5873,1.6777,1.7976
2048,24,250,1.9868,1.5199,1.5357,1.7622,1.8407
2048,24,325,2.1757,1.5214,1.5840,1.7766,1.8911
2048,24,399,1.9621,1.4888,1.5995,1.6674,1.8186
2048,25,100,1.5357,1.3347,1.3634,1.4473,1.5617
2048,25,175,1.5448,1.2842,1.3894,1.3879,1.5441
2048,25,250,1.4848,1.2877,1.3595,1.4068,1.5424
2048,25,325,1.4998,1.2809,1.4137,1.4475,1.6140
2048,25,399,1.5375,1.2535,1.3562,1.4298,1.6118
2048,26,100,1.1856,1.1785,1.2292,1.2541,1.4153
2048,26,175,1.3222,1.2518,1.2518,1.4276,1.4589
2048,26,250,1.2216,1.1902,1.2501,1.2334,1.3994
2048,26,325,1.1710,1.1523,1.2813,1.2349,1.4171
2048,26,399,1.2057,1.1554,1.2625,1.3000,1.4256
2048,27,100,2.5603,1.5408,1.6618,1.7780,1.9703
2048,27,175,2.6581,1.5684,1.7038,1.7911,2.0044
2048,27,250,2.6289,1.6624,1.7012,1.9481,2.0054
2048,27,325,2.5530,1.5319,1.6503,1.7714,1.9328
2048,27,399,2.5367,1.6120,1.6967,1.8393,2.0110
2048,28,100,3.1006,1.7591,1.8462,2.1050,2.2662
2048,28,175,3.2911,1.9429,1.9584,2.3079,2.4645
2048,28,250,3.2129,1.8729,1.9197,2.2025,2.3014
2048,28,325,3.0965,1.7519,1.8860,2.0602,2.2892
2048,28,399,3.1294,1.7976,1.8912,2.2007,2.2475
2048,29,100,2.6958,1.6204,1.6946,1.9643,2.0684
2048,29,175,2.8702,1.6925,1.7759,1.9932,2.1604
2048,29,250,2.8739,1.7096,1.7984,2.0059,2.1778
2048,29,325,2.7700,1.6614,1.7708,1.9056,2.0459
2048,29,399,2.6918,1.6447,1.7332,1.9144,2.0237
2048,30,100,1.5400,1.2384,1.2970,1.3070,1.4839
2048,30,175,1.6017,1.2820,1.3431,1.3871,1.5068
2048,30,250,1.5658,1.2781,1.3588,1.4516,1.5452
2048,30,325,1.6515,1.3010,1.4051,1.3443,1.5839
2048,30,399,1.5057,1.2151,1.2919,1.4184,1.4758
2048,31,100,1.1655,1.1482,1.2041,1.2851,1.3787
2048,31,175,1.2104,1.1693,1.2293,1.2496,1.4109
2048,31,250,1.1818,1.1695,1.2201,1.2851,1.3787
2048,31,325,1.2171,1.1472,1.2409,1.2592,1.4257
2048,31,399,1.1958,1.1641,1.2385,1.2463,1.4340
2048,32,100,1.6564,1.3113,1.3961,1.5068,1.6735
2048,32,175,1.7815,1.4018,1.4591,1.6193,1.6920
2048,32,250,1.6034,1.3764,1.4156,1.4944,1.6037
2048,32,325,1.6971,1.3216,1.4657,1.4879,1.7015
2048,32,399,1.5578,1.2612,1.4082,1.4204,1.6077
2048,33,100,1.2694,1.2105,1.2678,1.3382,1.4785
2048,33,175,1.3860,1.2140,1.3195,1.3077,1.4745
2048,33,250,1.3582,1.2584,1.3613,1.4591,1.5165
2048,33,325,1.3491,1.1977,1.2887,1.2914,1.5154
2048,33,399,1.4539,1.2488,1.3426,1.3871,1.5330
2048,34,100,1.6984,1.2983,1.3830,1.4578,1.5983
2048,34,175,1.6225,1.2915,1.4221,1.5393,1.6124
2048,34,250,1.5248,1.2324,1.3443,1.3756,1.5526
2048,34,325,1.5384,1.3358,1.4190,1.4774,1.5972
2048,34,399,1.5786,1.3046,1.3777,1.4038,1.6542
2048,35,100,1.2082,1.1516,1.2011,1.2151,1.3558
2048,35,175,1.2627,1.1841,1.2766,1.2767,1.4071
2048,35,250,1.1310,1.1394,1.1745,1.2289,1.3172
2048,35,325,1.2137,1.1850,1.2527,1.3007,1.4099
2048,35,399,1.1643,1.1316,1.2125,1.2410,1.3922
2048,36,100,1.5962,1.3118,1.3341,1.4747,1.5788
2048,36,175,1.5085,1.2657,1.3230,1.3910,1.5267
2048,36,250,1.5355,1.3056,1.3552,1.4319,1.5464
2048,36,325,1.5545,1.3513,1.3812,1.4777,1.6128
2048,36,399,1.5252,1.3180,1.4077,1.4298,1.6014
2048,37,100,1.2749,1.1658,1.2662,1.3289,1.4694
2048,37,175,1.2579,1.1911,1.2678,1.3382,1.4370
2048,37,250,1.3034,1.2280,1.2892,1.3138,1.4235
2048,37,325,1.3186,1.2231,1.2910,1.3653,1.4537
2048,37,399,1.2694,1.1923,1.2561,1.2496,1.3904
2048,38,100,2.4678,1.6036,1.6870,1.8482,1.9524
2048,38,175,2.5295,1.6359,1.7675,1.8838,2.0401
2048,38,250,2.6114,1.6330,1.7046,1.8350,2.0171
2048,38,325,2.6139,1.6803,1.7559,1.9161,2.0776
2048,38,399,2.4400,1.5737,1.6842,1.8121,1.9888
2048,39,100,1.4629,1.2818,1.3353,1.3671,1.5028
2048,39,175,1.5884,1.3183,1.3625,1.5578,1.6151
2048,39,250,1.5045,1.2970,1.3763,1.4435,1.5475
2048,39,325,1.6592,1.4025,1.5157,1.5734,1.7194
2048,39,399,1.6334,1.2871,1.4149,1.4599,1.6163
2048,40,100,1.1509,1.1382,1.2174,1.3175,1.4061
2048,40,175,1.2512,1.1685,1.2414,1.2713,1.4591
2048,40,250,1.3023,1.1554,1.2662,1.2818,1.4278
2048,40,325,1.1747,1.1564,1.2241,1.2496,1.4058
2048,40,399,1.2932,1.1846,1.2613,1.3226,1.4629
2048,41,100,1.2224,1.2046,1.2801,1.2809,1.4214
2048,41,175,1.2419,1.1872,1.2939,1.2811,1.4004
2048,41,250,1.1968,1.1859,1.2391,1.2632,1.3723
2048,41,325,1.1584,1.1312,1.2223,1.2496,1.4058
2048,41,399,1.1924,1.2127,1.2635,1.2984,1.4548
2048,42,100,1.3847,1.2144,1.2717,1.3851,1.4370
2048,42,175,1.3740,1.2258,1.2726,1.3182,1.4278
2048,42,250,1.3288,1.1768,1.2573,1.4109,1.4527
2048,42,325,1.3389,1.2360,1.3180,1.3882,1.4661
2048,42,399,1.3889,1.1942,1.2904,1.3121,1.4632
2048,43,100,1.1504,1.1456,1.2158,1.2184,1.3277
2048,43,175,1.1498,1.1589,1.2408,1.2487,1.3475
2048,43,250,1.1717,1.1737,1.2336,1.2713,1.4173
2048,43,325,1.1366,1.1215,1.2363,1.2461,1.3712
2048,43,399,1.2350,1.1347,1.2089,1.3079,1.4173
2048,44,100,1.2664,1.1759,1.2448,1.2869,1.4017
2048,44,175,1.2121,1.2024,1.2363,1.2671,1.3974
2048,44,250,1.2557,1.1745,1.2540,1.3140,1.4548
2048,44,325,1.2477,1.1681,1.2370,1.2933,1.3820
2048,44,399,1.3266,1.1646,1.2441,1.2608,1.3810
2048,45,100,1.5783,1.2851,1.3553,1.4777,1.5869
2048,45,175,1.5634,1.2535,1.3486,1.4004,1.5359
2048,45,250,1.6429,1.3178,1.3685,1.4578,1.5307
2048,45,325,1.5981,1.2962,1.3902,1.4925,1.6596
2048,45,399,1.5398,1.2500,1.3712,1.3226,1.5515
2048,46,100,1.4617,1.2492,1.2728,1.3233,1.4432
2048,46,175,1.4848,1.2645,1.3608,1.3758,1.4952
2048,46,250,1.4876,1.2132,1.2651,1.3226,1.4527
2048,46,325,1.5927,1.3079,1.4591,1.4225,1.6984
2048,46,399,1.4100,1.1853,1.2896,1.4173,1.4799
2048,47,100,1.4755,1.2448,1.3372,1.4255,1.6077
2048,47,175,1.5283,1.2267,1.3321,1.4381,1.5060
2048,47,250,1.4882,1.2332,1.2827,1.3382,1.4785
2048,47,325,1.4891,1.2441,1.3377,1.3184,1.4745
2048,47,399,1.5034,1.2080,1.3238,1.3643,1.4841
2048,48,100,1.4138,1.2545,1.3158,1.3702,1.5060
2048,48,175,1.5622,1.3085,1.3737,1.4777,1.5296
2048,48,250,1.3735,1.2162,1.2762,1.3705,1.5165
2048,48,325,1.4811,1.1958,1.3197,1.2923,1.5057
2048,48,399,1.2960,1.2286,1.2782,1.3048,1.4245
2048,49,100,1.2015,1.1576,1.2228,1.2590,1.3319
2048,49,175,1.2477,1.1993,1.2553,1.2933,1.3817
2048,49,250,1.2826,1.1685,1.2361,1.2923,1.3807
2048,49,325,1.2691,1.1797,1.2071,1.2487,1.3892
2048,49,399,1.1953,1.1581,1.2295,1.2627,1.3871
2048,50,100,1.3235,1.1703,1.2561,1.3102,1.4557
2048,50,175,1.4856,1.1850,1.2918,1.3243,1.5015
2048,50,250,1.2806,1.1603,1.2319,1.3163,1.3997
2048,50,325,1.3171,1.1675,1.2327,1.2757,1.3851
2048,50,399,1.3356,1.1689,1.2483,1.2895,1.4140
2048,51,100,1.1538,1.1147,1.1812,1.2124,1.3528
2048,51,175,1.1543,1.1311,1.1911,1.2587,1.4099
2048,51,250,1.2025,1.1654,1.2241,1.2289,1.3536
2048,51,325,1.1273,1.1225,1.1992,1.2505,1.3702
2048,51,399,1.1749,1.1564,1.2032,1.2974,1.4015
2048,52,100,2.0768,1.3926,1.4614,1.5998,1.7245
2048,52,175,1.9584,1.4482,1.4901,1.5956,1.7625
2048,52,250,1.8941,1.3431,1.4656,1.5111,1.7035
2048,52,325,2.0431,1.4053,1.5093,1.5379,1.7663
2048,52,399,1.9127,1.4338,1.4637,1.5827,1.6972
2048,53,100,1.4795,1.2639,1.3042,1.4163,1.5203
2048,53,175,1.4024,1.2292,1.2997,1.4338,1.5381
2048,53,250,1.6279,1.3117,1.3769,1.4591,1.5683
2048,53,325,1.6347,1.2678,1.3525,1.3902,1.5725
2048,53,399,1.5911,1.2941,1.3854,1.4556,1.5759
2048,54,100,1.1434,1.1356,1.2097,1.2662,1.4122
2048,54,175,1.2244,1.1529,1.2468,1.3827,1.4505
2048,54,250,1.3301,1.1886,1.2521,1.3095,1.4393
2048,54,325,1.2220,1.1468,1.2119,1.2548,1.3851
2048,54,399,1.1904,1.1493,1.1898,1.2235,1.3590
2048,55,100,1.6740,1.3028,1.4058,1.4890,1.6818
2048,55,175,1.7638,1.3198,1.4096,1.4828,1.6389
2048,55,250,1.5801,1.2384,1.3869,1.4122,1.5631
2048,55,325,1.6871,1.3360,1.3712,1.4745,1.5839
2048,55,399,1.5938,1.2747,1.3851,1.4048,1.5611
2048,56,100,1.1706,1.1612,1.1975,1.2340,1.3797
2048,56,175,1.2333,1.1186,1.2043,1.2538,1.3528
2048,56,250,1.1996,1.1447,1.2008,1.2725,1.3974
2048,56,325,1.1847,1.1436,1.1931,1.2891,1.3881
2048,56,399,1.1631,1.1277,1.1928,1.2608,1.3392
2048,57,100,1.3548,1.2516,1.3271,1.4027,1.5017
2048,57,175,1.4743,1.2444,1.2977,1.4193,1.4920
2048,57,250,1.3002,1.1431,1.2314,1.2331,1.3736
2048,57,325,1.3007,1.2268,1.2748,1.3372,1.4933
2048,57,399,1.3834,1.2223,1.2898,1.3789,1.5140
2048,58,100,1.5288,1.2713,1.3716,1.3441,1.5736
2048,58,175,1.5158,1.2860,1.3264,1.4529,1.4893
2048,58,250,1.5169,1.2453,1.3066,1.4381,1.5006
2048,58,325,1.6210,1.3140,1.3752,1.4132,1.6425
2048,58,399,1.4804,1.2343,1.2669,1.3590,1.4317
2048,59,100,1.1998,1.2085,1.2449,1.2671,1.3817
2048,59,175,1.2414,1.1551,1.2345,1.3009,1.4099
2048,59,250,1.2076,1.1524,1.2137,1.2620,1.3609
2048,59,325,1.2007,1.1872,1.2457,1.3051,1.4298
2048,59,399,1.1941,1.1469,1.2119,1.2286,1.3590
2048,60,100,1.3130,1.1936,1.2794,1.3331,1.4580
2048,60,175,1.1990,1.1347,1.2259,1.2818,1.4120
2048,60,250,1.2485,1.1467,1.2145,1.2636,1.4557
2048,60,325,1.3001,1.2157,1.2508,1.4255,1.4414
2048,60,399,1.2209,1.1729,1.2392,1.2904,1.3684
4096,3,100,1.1013,1.1067,1.1238,1.1953,1.2369
4096,3,175,1.1070,1.0962,1.1398,1.1765,1.2521
4096,3,250,1.1585,1.0954,1.1534,1.1741,1.2833
4096,3,325,1.1322,1.1145,1.1510,1.2044,1.2539
4096,3,399,1.1358,1.0954,1.1467,1.1576,1.2669
4096,4,100,1.1069,1.1046,1.1313,1.1663,1.2521
4096,4,175,1.1110,1.1273,1.1697,1.1609,1.3042
4096,4,250,1.1247,1.1089,1.1493,1.2235,1.2548
4096,4,325,1.1487,1.0974,1.1372,1.1614,1.2423
4096,4,399,1.1360,1.0875,1.1252,1.2022,1.2594
4096,5,100,1.0790,1.0934,1.1488,1.1814,1.2518
4096,5,175,1.1644,1.1070,1.1532,1.2078,1.2755
4096,5,250,1.1336,1.0887,1.1374,1.1706,1.2981
4096,5,325,1.1253,1.0941,1.1450,1.1567,1.2635
4096,5,399,1.1400,1.1056,1.1356,1.1962,1.2458
4096,6,100,1.1853,1.1258,1.1959,1.1914,1.3188
4096,6,175,1.2362,1.1433,1.1784,1.2267,1.2839
4096,6,250,1.2459,1.1743,1.1925,1.2083,1.3021
4096,6,325,1.2908,1.1626,1.2282,1.2699,1.3400
4096,6,399,1.2788,1.1721,1.2150,1.2456,1.3083
4096,7,100,1.8874,1.3625,1.3930,1.5526,1.5812
4096,7,175,1.8892,1.3866,1.4270,1.5521,1.6093
4096,7,250,1.9339,1.4089,1.4558,1.5402,1.6184
4096,7,325,1.9032,1.4152,1.4628,1.5252,1.6190
4096,7,399,1.9134,1.3304,1.4377,1.4390,1.5847
4096,8,100,3.1694,1.7473,1.8404,2.0293,2.1907
4096,8,175,3.0912,1.7441,1.7792,2.0360,2.0541
4096,8,250,3.1791,1.7707,1.8527,2.0622,2.2135
4096,8,325,3.2334,1.7825,1.8443,2.0735,2.1882
4096,8,399,3.2491,1.8000,1.8540,2.0891,2.1647
4096,9,100,1.1512,1.1246,1.1527,1.2580,1.3075
4096,9,175,1.1897,1.1332,1.2069,1.2178,1.3246
4096,9,250,1.2316,1.1096,1.1851,1.2079,1.2912
4096,9,325,1.1472,1.1377,1.1872,1.2270,1.3026
4096,9,399,1.2385,1.1502,1.1853,1.2869,1.3493
4096,10,100,1.5516,1.2424,1.3096,1.3347,1.4234
4096,10,175,1.5267,1.2361,1.3122,1.4000,1.5275
4096,10,250,1.4021,1.2151,1.2366,1.3369,1.3760
4096,10,325,1.4348,1.2076,1.3053,1.2838,1.4349
4096,10,399,1.4625,1.2226,1.2805,1.3619,1.4296
4096,11,100,1.2721,1.1438,1.2109,1.2395,1.3125
4096,11,175,1.4120,1.2039,1.2723,1.3067,1.4030
4096,11,250,1.2942,1.1567,1.2185,1.2556,1.3728
4096,11,325,1.2693,1.1575,1.2319,1.2410,1.3557
4096,11,399,1.2937,1.2207,1.2453,1.2785,1.3411
4096,12,100,1.2049,1.1098,1.1684,1.1930,1.2712
4096,12,175,1.1804,1.1176,1.1502,1.1611,1.2600
4096,12,250,1.1951,1.1081,1.1497,1.2244,1.3024
4096,12,325,1.1530,1.1308,1.1881,1.1822,1.2787
4096,12,399,1.2257,1.1141,1.1805,1.2079,1.2964
4096,13,100,1.1788,1.1139,1.1653,1.1771,1.2761
4096,13,175,1.2134,1.1723,1.1937,1.2517,1.3402
4096,13,250,1.2033,1.1480,1.1968,1.2300,1.2900
4096,13,325,1.1445,1.1135,1.1766,1.1896,1.2729
4096,13,399,1.2224,1.1380,1.1783,1.2525,1.2968
4096,14,100,1.9953,1.3751,1.4395,1.4941,1.5931
4096,14,175,2.0127,1.4233,1.4663,1.5665,1.6680
4096,14,250,1.9242,1.4144,1.4385,1.5332,1.6452
4096,14,325,1.8951,1.3913,1.4141,1.5478,1.6596
4096,14,399,1.9971,1.4135,1.4656,1.6463,1.7037
4096,15,100,1.4807,1.2615,1.3325,1.3624,1.5214
4096,15,175,1.5550,1.3016,1.3466,1.4655,1.4785
4096,15,250,1.5548,1.2788,1.3692,1.3901,1.4943
4096,15,325,1.4955,1.2431,1.3178,1.3407,1.4525
4096,15,399,1.5480,1.2863,1.3546,1.4047,1.4852
4096,16,100,1.7477,1.3509,1.4347,1.5107,1.6407
4096,16,175,1.7137,1.3974,1.4339,1.5583,1.6260
4096,16,250,1.7142,1.3819,1.4489,1.5546,1.6275
4096,16,325,1.7608,1.3633,1.4662,1.5136,1.5943
4096,16,399,1.7305,1.3828,1.4518,1.5859,1.6224
4096,17,100,3.6417,1.8847,1.9458,2.3253,2.3540
4096,17,175,3.7546,1.9337,2.0040,2.3410,2.4060
4096,17,250,3.6348,1.8889,1.9586,2.2159,2.3280
4096,17,325,3.6888,1.9133,1.9601,2.2551,2.3331
4096,17,399,3.6383,1.9296,1.9987,2.2063,2.3470
4096,18,100,1.1454,1.1080,1.1529,1.2270,1.2790
4096,18,175,1.1026,1.1140,1.1584,1.2017,1.2384
4096,18,250,1.1259,1.1052,1.1681,1.2045,1.2746
4096,18,325,1.1447,1.1469,1.1788,1.1870,1.2755
4096,18,399,1.1152,1.0939,1.1453,1.2010,1.2555
4096,19,100,1.3437,1.1769,1.2680,1.3131,1.4120
4096,19,175,1.4192,1.1996,1.2992,1.3181,1.4275
4096,19,250,1.3488,1.1585,1.2540,1.2624,1.3718
4096,19,325,1.3137,1.1725,1.2232,1.2369,1.3228
4096,19,399,1.4670,1.2208,1.2931,1.3397,1.4489
4096,20,100,1.9670,1.4149,1.5066,1.6185,1.6731
4096,20,175,1.9914,1.4610,1.4962,1.6895,1.7649
4096,20,250,1.9235,1.3519,1.4384,1.4780,1.6420
4096,20,325,1.9521,1.3851,1.4548,1.5697,1.7936
4096,20,399,2.0038,1.4255,1.4566,1.6224,1.6900
4096,21,100,1.5298,1.2020,1.2689,1.3548,1.4094
4096,21,175,1.6425,1.2795,1.3316,1.3994,1.5037
4096,21,250,1.4700,1.2162,1.2703,1.3166,1.4208
4096,21,325,1.7020,1.3095,1.3545,1.4227,1.5297
4096,21,399,1.5545,1.2643,1.2950,1.3994,1.4541
4096,22,100,2.1571,1.4680,1.5922,1.6290,1.8319
4096,22,175,2.2046,1.5045,1.5461,1.6822,1.8203
4096,22,250,2.1540,1.4669,1.5796,1.6620,1.8626
4096,22,325,2.1128,1.4554,1.5595,1.6529,1.7362
4096,22,399,2.0767,1.4454,1.5463,1.6417,1.7668
4096,23,100,2.0499,1.4010,1.4641,1.5820,1.6679
4096,23,175,2.2200,1.5485,1.5563,1.7759,1.8150
4096,23,250,2.0325,1.4377,1.4878,1.6602,1.6992
4096,23,325,2.0567,1.4298,1.4669,1.6166,1.7415
4096,23,399,2.0420,1.4329,1.4863,1.5781,1.6744
4096,24,100,2.1275,1.5057,1.5864,1.7429,1.8261
4096,24,175,2.0931,1.4978,1.5733,1.6641,1.8307
4096,24,250,1.9948,1.4915,1.5808,1.6742,1.7654
4096,24,325,2.1062,1.4766,1.6030,1.6775,1.8000
4096,24,399,2.0412,1.5192,1.5837,1.7258,1.8117
4096,25,100,1.6164,1.2782,1.3278,1.4306,1.5167
4096,25,175,1.5878,1.2471,1.3318,1.3911,1.5109
4096,25,250,1.5360,1.2389,1.3222,1.3541,1.4896
4096,25,325,1.5533,1.3206,1.3206,1.4968,1.5228
4096,25,399,1.5764,1.2595,1.3375,1.4805,1.5301
4096,26,100,1.2100,1.1388,1.2170,1.2178,1.3064
4096,26,175,1.2164,1.1589,1.2024,1.2109,1.3021
4096,26,250,1.2018,1.1612,1.2197,1.2699,1.3741
4096,26,325,1.2111,1.1478,1.2207,1.2222,1.3239
4096,26,399,1.1895,1.1428,1.2026,1.2483,1.3370
4096,27,100,2.5859,1.5607,1.6218,1.7539,1.9099
4096,27,175,2.5633,1.5823,1.6279,1.7837,1.8385
4096,27,250,2.4606,1.5508,1.6080,1.8358,1.9010
4096,27,325,2.5914,1.5416,1.6412,1.8255,1.9686
4096,27,399,2.5168,1.5586,1.6250,1.7727,1.8535
4096,28,100,3.1094,1.8004,1.8988,2.0822,2.2620
4096,28,175,3.1771,1.7617,1.8469,2.0798,2.2256
4096,28,250,3.0229,1.7154,1.8358,1.9929,2.1621
4096,28,325,3.0124,1.7622,1.8007,2.0598,2.1405
4096,28,399,3.0773,1.7441,1.8292,2.0463,2.1608
4096,29,100,2.7571,1.6268,1.6736,1.8729,1.9614
4096,29,175,2.8138,1.6496,1.7076,1.9138,2.0181
4096,29,250,2.6046,1.5945,1.6532,1.8183,1.9276
4096,29,325,2.8039,1.6541,1.7519,1.8960,2.0394
4096,29,399,2.6820,1.6299,1.7086,1.8821,1.9783
4096,30,100,1.5625,1.2256,1.2764,1.3819,1.4494
4096,30,175,1.6468,1.2721,1.3385,1.4191,1.4765
4096,30,250,1.5160,1.2207,1.2753,1.4203,1.4774
4096,30,325,1.6286,1.2959,1.3324,1.4890,1.5281
4096,30,399,1.6234,1.2812,1.3236,1.4088,1.5025
4096,31,100,1.2463,1.1354,1.2005,1.2187,1.3255
4096,31,175,1.2639,1.1393,1.1888,1.2162,1.3047
4096,31,250,1.2260,1.1215,1.1807,1.2365,1.2912
4096,31,325,1.1991,1.1100,1.1920,1.2374,1.3363
4096,31,399,1.1892,1.1517,1.1810,1.2010,1.2974
4096,32,100,1.7353,1.3491,1.4225,1.4838,1.6165
4096,32,175,1.6682,1.2905,1.3926,1.4186,1.5853
4096,32,250,1.5934,1.2968,1.3697,1.4426,1.5156
4096,32,325,1.6306,1.2983,1.3814,1.4509,1.5315
4096,32,399,1.6682,1.3205,1.4057,1.4422,1.5671
4096,33,100,1.3753,1.1745,1.2480,1.2787,1.4088
4096,33,175,1.3904,1.2124,1.2684,1.2911,1.3953
4096,33,250,1.4194,1.1829,1.2748,1.2764,1.3962
4096,33,325,1.3801,1.1955,1.2613,1.2848,1.4045
4096,33,399,1.4772,1.2389,1.2988,1.4045,1.4698
4096,34,100,1.6100,1.2865,1.3992,1.4536,1.5344
4096,34,175,1.5969,1.3057,1.4091,1.4162,1.5203
4096,34,250,1.5807,1.3036,1.3663,1.4176,1.5219
4096,34,325,1.6214,1.3168,1.3911,1.4147,1.5212
4096,34,399,1.6463,1.3777,1.3979,1.5203,1.5905
4096,35,100,1.2763,1.1684,1.1932,1.2426,1.3051
4096,35,175,1.2438,1.1163,1.1788,1.2105,1.2624
4096,35,250,1.2004,1.1127,1.1803,1.1771,1.2761
4096,35,325,1.2574,1.1751,1.2357,1.2644,1.3686
4096,35,399,1.2817,1.1580,1.2309,1.3020,1.3437
4096,36,100,1.5316,1.2566,1.3424,1.3573,1.4977
4096,36,175,1.5725,1.3230,1.3686,1.4306,1.5531
4096,36,250,1.4627,1.2218,1.3005,1.3624,1.4692
4096,36,325,1.5466,1.2721,1.3920,1.3890,1.5167
4096,36,399,1.5553,1.2510,1.3512,1.4186,1.4683
4096,37,100,1.1738,1.1619,1.2067,1.2516,1.3244
4096,37,175,1.3018,1.1784,1.2252,1.2448,1.3463
4096,37,250,1.2422,1.1862,1.2409,1.2785,1.3619
4096,37,325,1.1872,1.1484,1.2292,1.2764,1.3884
4096,37,399,1.2920,1.1730,1.2673,1.2217,1.3519
4096,38,100,2.4962,1.5871,1.6875,1.8124,1.9243
4096,38,175,2.6442,1.5853,1.6966,1.8299,1.9706
4096,38,250,2.4709,1.5459,1.6424,1.7518,1.8977
4096,38,325,2.5687,1.6152,1.7319,1.7948,1.9775
4096,38,399,2.4376,1.5832,1.6405,1.8286,1.8834
4096,39,100,1.5115,1.2736,1.3719,1.4031,1.4994
4096,39,175,1.5721,1.3090,1.4002,1.3989,1.5761
4096,39,250,1.4736,1.2645,1.3217,1.3823,1.4682
4096,39,325,1.5261,1.2623,1.3418,1.3717,1.4761
4096,39,399,1.6292,1.3162,1.4099,1.4671,1.5504
4096,40,100,1.2349,1.1373,1.2090,1.2118,1.3291
4096,40,175,1.2555,1.1207,1.1922,1.2261,1.3199
4096,40,250,1.1673,1.1452,1.2005,1.2615,1.3137
4096,40,325,1.2582,1.1537,1.2116,1.2552,1.3490
4096,40,399,1.2155,1.1334,1.2187,1.2279,1.3165
4096,41,100,1.2040,1.1304,1.1851,1.1975,1.2807
4096,41,175,1.3066,1.1486,1.2306,1.2231,1.3349
4096,41,250,1.1820,1.1194,1.1623,1.1896,1.2755
4096,41,325,1.2178,1.1545,1.2175,1.2105,1.3225
4096,41,399,1.2011,1.1296,1.1764,1.2535,1.3291
4096,42,100,1.3435,1.1751,1.2292,1.3072,1.3515
4096,42,175,1.4180,1.2534,1.2840,1.3510,1.4030
4096,42,250,1.3224,1.1610,1.2222,1.2327,1.3578
4096,42,325,1.3567,1.1760,1.2541,1.3094,1.3588
4096,42,399,1.3770,1.1926,1.2701,1.3150,1.3671
4096,43,100,1.1847,1.1368,1.1712,1.2187,1.2995
4096,43,175,1.1476,1.0989,1.1620,1.2378,1.3291
4096,43,250,1.1310,1.0917,1.1523,1.2291,1.2943
4096,43,325,1.1425,1.1285,1.1526,1.1844,1.2938
4096,43,399,1.1512,1.1032,1.1515,1.2217,1.2635
4096,44,100,1.3475,1.1803,1.2246,1.2943,1.3281
4096,44,175,1.3803,1.2074,1.2693,1.2648,1.3974
4096,44,250,1.3682,1.1508,1.2204,1.2438,1.3766
4096,44,325,1.2726,1.1602,1.2083,1.2608,1.3104
4096,44,399,1.2953,1.1383,1.2235,1.2573,1.3590
4096,45,100,1.6227,1.2647,1.3799,1.3823,1.5098
4096,45,175,1.5869,1.2658,1.3516,1.3563,1.5177
4096,45,250,1.6144,1.2860,1.3445,1.3641,1.4863
4096,45,325,1.7040,1.3108,1.3578,1.4490,1.5376
4096,45,399,1.6024,1.2636,1.3116,1.3646,1.4868
4096,46,100,1.5361,1.2629,1.2947,1.3760,1.4176
4096,46,175,1.5173,1.2358,1.3028,1.3354,1.4239
4096,46,250,1.5026,1.1896,1.2852,1.2954,1.4488
4096,46,325,1.5802,1.2365,1.3014,1.3427,1.4364
4096,46,399,1.5853,1.2428,1.3086,1.3697,1.4739
4096,47,100,1.4966,1.2510,1.3247,1.4249,1.5031
4096,47,175,1.5225,1.2309,1.2954,1.3391,1.4563
4096,47,250,1.4298,1.2367,1.2601,1.3375,1.3999
4096,47,325,1.5231,1.2150,1.3106,1.3302,1.4656
4096,47,399,1.5784,1.2328,1.2952,1.3193,1.4208
4096,48,100,1.4966,1.2524,1.3064,1.3313,1.4197
4096,48,175,1.3852,1.2193,1.2682,1.3150,1.3646
4096,48,250,1.3481,1.2168,1.2598,1.3421,1.3968
4096,48,325,1.4055,1.2123,1.2663,1.3468,1.4380
4096,48,399,1.4188,1.2272,1.2792,1.3125,1.4374
4096,49,100,1.2814,1.1441,1.1955,1.2001,1.3147
4096,49,175,1.2713,1.1909,1.2261,1.2546,1.3042
4096,49,250,1.2150,1.1172,1.1908,1.1957,1.3155
4096,49,325,1.1895,1.1174,1.1805,1.1858,1.2769
4096,49,399,1.2906,1.1881,1.2201,1.2274,1.3160
4096,50,100,1.2537,1.1137,1.1957,1.2260,1.3249
4096,50,175,1.3640,1.1999,1.2318,1.2874,1.3707
4096,50,250,1.2816,1.1710,1.1976,1.2911,1.3354
4096,50,325,1.2380,1.1274,1.2036,1.2682,1.3410
4096,50,399,1.3169,1.1551,1.2091,1.2704,1.3327
4096,51,100,1.1327,1.1424,1.1742,1.2235,1.2964
4096,51,175,1.0703,1.1017,1.1348,1.1836,1.2929
4096,51,250,1.1178,1.0872,1.1276,1.1675,1.2509
4096,51,325,1.1304,1.1034,1.1561,1.1892,1.2698
4096,51,399,1.1374,1.1033,1.1606,1.1878,1.2661
4096,52,100,1.9500,1.3668,1.3903,1.4994,1.5932
4096,52,175,2.0073,1.3787,1.4321,1.5523,1.6147
4096,52,250,1.9311,1.3483,1.3925,1.4859,1.6159
4096,52,325,1.9779,1.3779,1.4138,1.5488,1.6087
4096,52,399,2.0018,1.4059,1.4475,1.5842,1.6440
4096,53,100,1.5124,1.2499,1.2883,1.3448,1.4462
4096,53,175,1.5718,1.2349,1.3097,1.3319,1.4776
4096,53,250,1.5427,1.2283,1.2634,1.3843,1.4390
4096,53,325,1.4943,1.2194,1.2818,1.2994,1.4166
4096,53,399,1.5469,1.2371,1.3153,1.3875,1.4863
4096,54,100,1.1439,1.1251,1.1721,1.1909,1.2847
4096,54,175,1.2490,1.1571,1.2332,1.2283,1.3844
4096,54,250,1.2303,1.1282,1.1810,1.1875,1.3308
4096,54,325,1.1517,1.1160,1.1427,1.1805,1.2456
4096,54,399,1.2223,1.1393,1.1803,1.2238,1.3098
4096,55,100,1.6970,1.2743,1.3568,1.3609,1.5430
4096,55,175,1.6789,1.2864,1.3346,1.4062,1.4738
4096,55,250,1.6892,1.3646,1.3894,1.5465,1.6167
4096,55,325,1.6919,1.3146,1.3497,1.5254,1.5566
4096,55,399,1.6601,1.3100,1.3835,1.4786,1.5957
4096,56,100,1.1130,1.1000,1.1514,1.1459,1.2500
4096,56,175,1.1912,1.0898,1.1588,1.1672,1.2635
4096,56,250,1.1370,1.1080,1.1334,1.1640,1.2135
4096,56,325,1.1972,1.1004,1.1576,1.1602,1.2876
4096,56,399,1.1228,1.1000,1.1430,1.1949,1.3120
4096,57,100,1.2632,1.1840,1.2302,1.2777,1.3375
4096,57,175,1.2852,1.1514,1.2221,1.2130,1.3198
4096,57,250,1.3507,1.2026,1.2222,1.2807,1.3327
4096,57,325,1.3058,1.2161,1.2357,1.3125,1.3490
4096,57,399,1.3215,1.1966,1.2473,1.3775,1.4010
4096,58,100,1.5725,1.2566,1.3041,1.3785,1.4254
4096,58,175,1.5432,1.2378,1.3119,1.3483,1.4994
4096,58,250,1.4916,1.2300,1.2983,1.3198,1.5021
4096,58,325,1.5237,1.2353,1.2875,1.3581,1.4389
4096,58,399,1.4723,1.2318,1.2793,1.2785,1.3984
4096,59,100,1.1703,1.1310,1.1740,1.2678,1.3094
4096,59,175,1.1794,1.1322,1.1719,1.2274,1.3005
4096,59,250,1.1452,1.1130,1.1788,1.1853,1.2609
4096,59,325,1.1586,1.1183,1.1554,1.1771,1.2603
4096,59,399,1.1453,1.1495,1.1846,1.2088,1.3104
4096,60,100,1.1995,1.1346,1.1781,1.2438,1.3193
4096,60,175,1.2255,1.1268,1.1911,1.2100,1.3116
4096,60,250,1.1953,1.1414,1.1773,1.1963,1.3004
4096,60,325,1.1494,1.1080,1.1569,1.1645,1.2659
4096,60,399,1.2176,1.1672,1.2038,1.2722,1.3166
