batch,layer,iteration,m_tokens_per_rank,phase0,phase1,phase2,bound_tokens,uniform_tokens,ratio,global_round_bound_tokens,global_round_ratio,recv_max_over_mean,pair_max_over_mean
1024,3,100,128.0000,28.0000,29.1667,31.3333,88.5000,64.0000,1.3828,89.6667,1.4010,1.2233,4.5039
1024,3,175,128.0000,28.5000,29.0000,30.1667,87.6667,64.0000,1.3698,88.1667,1.3776,1.1742,4.4983
1024,3,250,128.0000,28.0000,30.3333,32.1667,90.5000,64.0000,1.4141,91.1667,1.4245,1.2216,3.9980
1024,3,325,128.0000,27.3333,28.3333,29.0000,84.6667,64.0000,1.3229,85.1667,1.3307,1.1662,3.9985
1024,3,399,128.0000,27.5000,29.6667,30.3333,87.5000,64.0000,1.3672,88.3333,1.3802,1.3026,4.0030
1024,4,100,128.0000,27.1667,29.6667,30.0000,86.8333,64.0000,1.3568,87.3333,1.3646,1.2077,4.0045
1024,4,175,128.0000,27.5000,29.8333,30.0000,87.3333,64.0000,1.3646,87.8333,1.3724,1.2859,4.5006
1024,4,250,128.0000,27.8333,30.3333,30.6667,88.8333,64.0000,1.3880,90.5000,1.4141,1.2644,4.0080
1024,4,325,128.0000,28.3333,31.1667,30.1667,89.6667,64.0000,1.4010,90.5000,1.4141,1.2759,4.4933
1024,4,399,128.0000,28.5000,31.0000,29.5000,89.0000,64.0000,1.3906,89.0000,1.3906,1.1756,4.0035
1024,5,100,128.0000,28.5000,30.8333,30.6667,90.0000,64.0000,1.4062,91.3333,1.4271,1.2770,3.9975
1024,5,175,128.0000,29.5000,29.1667,30.6667,89.3333,64.0000,1.3958,90.0000,1.4062,1.3246,3.4978
1024,5,250,128.0000,27.5000,29.6667,31.0000,88.1667,64.0000,1.3776,88.5000,1.3828,1.3090,4.4983
1024,5,325,128.0000,29.5000,30.1667,31.3333,91.0000,64.0000,1.4219,91.8333,1.4349,1.2210,3.9960
1024,5,399,128.0000,28.6667,29.8333,31.6667,90.1667,64.0000,1.4089,90.8333,1.4193,1.3654,5.0012
1024,6,100,128.0000,29.0000,29.6667,30.6667,89.3333,64.0000,1.3958,89.5000,1.3984,1.2937,4.5000
1024,6,175,128.0000,28.0000,29.3333,31.3333,88.6667,64.0000,1.3854,89.3333,1.3958,1.2778,4.0000
1024,6,250,128.0000,28.6667,30.0000,29.0000,87.6667,64.0000,1.3698,89.0000,1.3906,1.1772,4.0089
1024,6,325,128.0000,27.0000,32.6667,30.3333,90.0000,64.0000,1.4062,90.8333,1.4193,1.3006,3.9970
1024,6,399,128.0000,27.5000,30.1667,31.3333,89.0000,64.0000,1.3906,90.1667,1.4089,1.2786,4.5028
1024,7,100,128.0000,27.1667,34.0000,38.8333,100.0000,64.0000,1.5625,100.5000,1.5703,1.8949,3.9960
1024,7,175,128.0000,28.1667,32.0000,43.8333,104.0000,64.0000,1.6250,105.5000,1.6484,1.9290,5.5014
1024,7,250,128.0000,28.6667,32.5000,38.0000,99.1667,64.0000,1.5495,100.3333,1.5677,1.8547,4.5134
1024,7,325,128.0000,28.8333,32.8333,42.3333,104.0000,64.0000,1.6250,104.6667,1.6354,1.9363,4.4994
1024,7,399,128.0000,28.3333,32.6667,41.0000,102.0000,64.0000,1.5938,102.0000,1.5938,2.0302,4.4967
1024,8,100,128.0000,28.5000,36.6667,62.5000,127.6667,64.0000,1.9948,128.5000,2.0078,3.3672,5.5034
1024,8,175,128.0000,29.8333,39.3333,60.1667,129.3333,64.0000,2.0208,129.8333,2.0286,3.2191,6.0089
1024,8,250,128.0000,30.5000,37.3333,60.8333,128.6667,64.0000,2.0104,132.8333,2.0755,3.0801,6.5016
1024,8,325,128.0000,30.3333,37.5000,62.1667,130.0000,64.0000,2.0312,130.0000,2.0312,3.1826,5.9852
1024,8,399,128.0000,28.6667,35.6667,64.5000,128.8333,64.0000,2.0130,129.8333,2.0286,3.4978,4.9969
1024,9,100,128.0000,29.0000,29.5000,33.1667,91.6667,64.0000,1.4323,92.1667,1.4401,1.2740,3.4896
1024,9,175,128.0000,27.3333,30.3333,30.0000,87.6667,64.0000,1.3698,88.0000,1.3750,1.2140,4.9988
1024,9,250,128.0000,28.3333,30.5000,30.5000,89.3333,64.0000,1.3958,90.1667,1.4089,1.1846,4.0070
1024,9,325,128.0000,28.6667,30.5000,30.8333,90.0000,64.0000,1.4062,90.5000,1.4141,1.2935,4.9994
1024,9,399,128.0000,29.1667,30.5000,31.8333,91.5000,64.0000,1.4297,92.6667,1.4479,1.3363,4.0089
1024,10,100,128.0000,29.0000,31.0000,33.3333,93.3333,64.0000,1.4583,93.6667,1.4635,1.5251,4.5039
1024,10,175,128.0000,29.0000,31.3333,32.3333,92.6667,64.0000,1.4479,92.6667,1.4479,1.5178,4.0050
1024,10,250,128.0000,28.1667,30.8333,33.5000,92.5000,64.0000,1.4453,95.1667,1.4870,1.5327,4.0025
1024,10,325,128.0000,28.8333,32.5000,33.8333,95.1667,64.0000,1.4870,95.8333,1.4974,1.5891,4.0045
1024,10,399,128.0000,29.3333,33.0000,34.0000,96.3333,64.0000,1.5052,97.8333,1.5286,1.5610,4.4928
1024,11,100,128.0000,28.8333,32.0000,32.5000,93.3333,64.0000,1.4583,94.0000,1.4688,1.3846,3.9876
1024,11,175,128.0000,27.5000,30.1667,32.3333,90.0000,64.0000,1.4062,90.3333,1.4115,1.4434,3.9970
1024,11,250,128.0000,28.1667,29.6667,30.3333,88.1667,64.0000,1.3776,89.1667,1.3932,1.2862,4.5017
1024,11,325,128.0000,27.8333,30.3333,32.8333,91.0000,64.0000,1.4219,92.3333,1.4427,1.3229,4.4916
1024,11,399,128.0000,29.8333,31.0000,34.3333,95.1667,64.0000,1.4870,96.5000,1.5078,1.6274,4.0010
1024,12,100,128.0000,30.1667,29.3333,29.5000,89.0000,64.0000,1.3906,89.8333,1.4036,1.2784,4.5022
1024,12,175,128.0000,28.8333,30.6667,30.6667,90.1667,64.0000,1.4089,90.3333,1.4115,1.3181,4.5022
1024,12,250,128.0000,28.3333,29.0000,30.6667,88.0000,64.0000,1.3750,89.8333,1.4036,1.2703,4.0015
1024,12,325,128.0000,27.5000,30.0000,32.5000,90.0000,64.0000,1.4062,90.5000,1.4141,1.2998,4.4939
1024,12,399,128.0000,28.1667,30.1667,30.1667,88.5000,64.0000,1.3828,89.3333,1.3958,1.3162,4.4955
1024,13,100,128.0000,28.6667,32.1667,30.0000,90.8333,64.0000,1.4193,90.8333,1.4193,1.2621,4.5006
1024,13,175,128.0000,28.0000,28.6667,29.1667,85.8333,64.0000,1.3411,86.1667,1.3464,1.2413,4.0104
1024,13,250,128.0000,28.1667,29.6667,29.3333,87.1667,64.0000,1.3620,88.0000,1.3750,1.4123,3.4991
1024,13,325,128.0000,29.1667,29.6667,33.6667,92.5000,64.0000,1.4453,93.1667,1.4557,1.3566,3.9985
1024,13,399,128.0000,28.8333,29.6667,30.5000,89.0000,64.0000,1.3906,89.1667,1.3932,1.2916,5.4911
1024,14,100,128.0000,28.5000,32.3333,38.0000,98.8333,64.0000,1.5443,99.8333,1.5599,1.9261,4.5129
1024,14,175,128.0000,28.3333,31.0000,36.6667,96.0000,64.0000,1.5000,96.6667,1.5104,1.7769,3.9980
1024,14,250,128.0000,29.0000,33.0000,40.5000,102.5000,64.0000,1.6016,104.1667,1.6276,1.9779,5.0043
1024,14,325,128.0000,28.1667,30.5000,38.5000,97.1667,64.0000,1.5182,98.5000,1.5391,1.9264,4.9944
1024,14,399,128.0000,28.0000,32.6667,45.3333,106.0000,64.0000,1.6562,106.6667,1.6667,2.1558,4.9932
1024,15,100,128.0000,29.1667,31.5000,33.8333,94.5000,64.0000,1.4766,96.0000,1.5000,1.4360,3.9985
1024,15,175,128.0000,28.3333,31.0000,35.1667,94.5000,64.0000,1.4766,95.3333,1.4896,1.6190,4.5000
1024,15,250,128.0000,28.3333,31.6667,31.6667,91.6667,64.0000,1.4323,92.6667,1.4479,1.3625,4.0159
1024,15,325,128.0000,28.6667,32.8333,34.5000,96.0000,64.0000,1.5000,97.6667,1.5260,1.5722,5.0025
1024,15,399,128.0000,28.3333,30.6667,32.6667,91.6667,64.0000,1.4323,92.6667,1.4479,1.5217,3.9946
1024,16,100,128.0000,29.1667,34.6667,41.6667,105.5000,64.0000,1.6484,109.0000,1.7031,1.9003,4.4894
1024,16,175,128.0000,28.8333,32.6667,40.8333,102.3333,64.0000,1.5990,104.0000,1.6250,2.0349,4.4894
1024,16,250,128.0000,29.0000,34.1667,41.0000,104.1667,64.0000,1.6276,105.0000,1.6406,1.9461,4.0035
1024,16,325,128.0000,30.8333,37.0000,40.5000,108.3333,64.0000,1.6927,109.8333,1.7161,1.9814,3.9946
1024,16,399,128.0000,28.5000,31.0000,41.3333,100.8333,64.0000,1.5755,102.6667,1.6042,1.8644,4.4983
1024,17,100,128.0000,29.5000,37.0000,64.3333,130.8333,64.0000,2.0443,133.8333,2.0911,3.5286,6.0082
1024,17,175,128.0000,27.6667,40.0000,66.0000,133.6667,64.0000,2.0885,133.6667,2.0885,3.6531,6.0037
1024,17,250,128.0000,28.8333,40.3333,66.0000,135.1667,64.0000,2.1120,140.8333,2.2005,3.6420,5.9985
1024,17,325,128.0000,30.5000,38.8333,62.8333,132.1667,64.0000,2.0651,133.5000,2.0859,3.4869,5.9911
1024,17,399,128.0000,28.0000,37.6667,68.0000,133.6667,64.0000,2.0885,136.3333,2.1302,3.8894,6.5008
1024,18,100,128.0000,28.0000,31.0000,29.5000,88.5000,64.0000,1.3828,88.8333,1.3880,1.2150,3.5022
1024,18,175,128.0000,27.6667,28.1667,29.5000,85.3333,64.0000,1.3333,87.0000,1.3594,1.2636,4.0055
1024,18,250,128.0000,28.1667,28.5000,30.1667,86.8333,64.0000,1.3568,88.1667,1.3776,1.2849,4.4972
1024,18,325,128.0000,27.8333,28.6667,31.0000,87.5000,64.0000,1.3672,88.3333,1.3802,1.3489,3.9990
1024,18,399,128.0000,28.0000,29.0000,31.3333,88.3333,64.0000,1.3802,89.8333,1.4036,1.2946,3.5026
1024,19,100,128.0000,28.0000,30.8333,31.0000,89.8333,64.0000,1.4036,90.0000,1.4062,1.3404,3.9975
1024,19,175,128.0000,28.6667,31.1667,32.5000,92.3333,64.0000,1.4427,93.1667,1.4557,1.4513,4.4967
1024,19,250,128.0000,29.0000,30.0000,30.8333,89.8333,64.0000,1.4036,90.6667,1.4167,1.3228,4.4911
1024,19,325,128.0000,28.1667,30.6667,32.3333,91.1667,64.0000,1.4245,92.1667,1.4401,1.3811,5.0006
1024,19,399,128.0000,28.0000,28.1667,31.0000,87.1667,64.0000,1.3620,87.6667,1.3698,1.4690,4.0020
1024,20,100,128.0000,28.6667,32.1667,38.8333,99.6667,64.0000,1.5573,99.6667,1.5573,1.8971,4.5006
1024,20,175,128.0000,28.3333,33.1667,42.3333,103.8333,64.0000,1.6224,106.1667,1.6589,2.1016,4.4967
1024,20,250,128.0000,27.1667,29.6667,39.3333,96.1667,64.0000,1.5026,97.8333,1.5286,1.9298,4.5028
1024,20,325,128.0000,27.6667,32.8333,39.6667,100.1667,64.0000,1.5651,101.8333,1.5911,1.9052,5.0012
1024,20,399,128.0000,29.0000,33.3333,41.1667,103.5000,64.0000,1.6172,104.8333,1.6380,2.1638,4.0094
1024,21,100,128.0000,28.0000,32.3333,32.1667,92.5000,64.0000,1.4453,94.0000,1.4688,1.3887,3.9995
1024,21,175,128.0000,30.0000,30.5000,34.0000,94.5000,64.0000,1.4766,95.0000,1.4844,1.5585,4.0075
1024,21,250,128.0000,28.0000,31.6667,33.0000,92.6667,64.0000,1.4479,94.5000,1.4766,1.4948,7.0130
1024,21,325,128.0000,28.0000,30.6667,34.0000,92.6667,64.0000,1.4479,94.0000,1.4688,1.6754,4.0020
1024,21,399,128.0000,27.8333,31.6667,34.8333,94.3333,64.0000,1.4740,95.6667,1.4948,1.6481,4.4928
1024,22,100,128.0000,30.8333,36.5000,45.5000,112.8333,64.0000,1.7630,115.3333,1.8021,2.0791,4.4994
1024,22,175,128.0000,28.8333,33.8333,41.8333,104.5000,64.0000,1.6328,106.5000,1.6641,2.0758,4.4922
1024,22,250,128.0000,28.8333,34.0000,40.0000,102.8333,64.0000,1.6068,104.5000,1.6328,1.8786,3.9950
1024,22,325,128.0000,29.1667,34.3333,45.6667,109.1667,64.0000,1.7057,109.3333,1.7083,2.0845,3.9946
1024,22,399,128.0000,27.3333,32.8333,41.1667,101.3333,64.0000,1.5833,102.8333,1.6068,2.0852,4.4955
1024,23,100,128.0000,27.8333,33.3333,42.8333,104.0000,64.0000,1.6250,104.8333,1.6380,2.1249,4.9950
1024,23,175,128.0000,29.5000,33.8333,43.6667,107.0000,64.0000,1.6719,108.6667,1.6979,2.0768,4.4944
1024,23,250,128.0000,29.6667,31.5000,41.0000,102.1667,64.0000,1.5964,103.1667,1.6120,2.0671,4.4905
1024,23,325,128.0000,29.5000,33.1667,42.1667,104.8333,64.0000,1.6380,106.3333,1.6615,2.0971,4.0035
1024,23,399,128.0000,30.1667,34.1667,46.0000,110.3333,64.0000,1.7240,110.3333,1.7240,2.4092,4.5084
1024,24,100,128.0000,29.1667,34.0000,43.5000,106.6667,64.0000,1.6667,107.6667,1.6823,2.0164,4.5011
1024,24,175,128.0000,28.5000,33.8333,46.0000,108.3333,64.0000,1.6927,108.3333,1.6927,1.9750,4.9969
1024,24,250,128.0000,27.3333,35.0000,44.5000,106.8333,64.0000,1.6693,109.5000,1.7109,2.0612,4.4950
1024,24,325,128.0000,29.8333,39.1667,44.3333,113.3333,64.0000,1.7708,114.0000,1.7812,2.1021,3.9980
1024,24,399,128.0000,29.5000,33.6667,46.0000,109.1667,64.0000,1.7057,111.0000,1.7344,2.1645,4.4955
1024,25,100,128.0000,27.8333,32.0000,36.6667,96.5000,64.0000,1.5078,96.5000,1.5078,1.5007,4.5022
1024,25,175,128.0000,28.6667,32.0000,35.1667,95.8333,64.0000,1.4974,96.0000,1.5000,1.5461,3.9960
1024,25,250,128.0000,27.8333,31.3333,32.5000,91.6667,64.0000,1.4323,91.6667,1.4323,1.4612,4.5028
1024,25,325,128.0000,28.5000,34.3333,39.1667,102.0000,64.0000,1.5938,102.6667,1.6042,1.8215,4.5101
1024,25,399,128.0000,28.5000,30.6667,35.0000,94.1667,64.0000,1.4714,94.8333,1.4818,1.6579,3.9980
1024,26,100,128.0000,30.0000,30.0000,29.8333,89.8333,64.0000,1.4036,90.3333,1.4115,1.2138,4.4983
1024,26,175,128.0000,26.8333,30.0000,30.5000,87.3333,64.0000,1.3646,87.6667,1.3698,1.3155,3.9941
1024,26,250,128.0000,27.8333,33.0000,30.6667,91.5000,64.0000,1.4297,92.3333,1.4427,1.2617,3.9995
1024,26,325,128.0000,28.3333,30.1667,31.1667,89.6667,64.0000,1.4010,90.1667,1.4089,1.2945,4.0025
1024,26,399,128.0000,27.5000,28.3333,31.0000,86.8333,64.0000,1.3568,87.8333,1.3724,1.2954,3.5048
1024,27,100,128.0000,27.6667,35.8333,49.6667,113.1667,64.0000,1.7682,113.3333,1.7708,2.4768,5.0012
1024,27,175,128.0000,31.3333,35.6667,49.5000,116.5000,64.0000,1.8203,118.5000,1.8516,2.5036,4.4922
1024,27,250,128.0000,28.6667,36.1667,47.6667,112.5000,64.0000,1.7578,115.0000,1.7969,2.4969,4.9938
1024,27,325,128.0000,30.5000,33.0000,48.0000,111.5000,64.0000,1.7422,111.6667,1.7448,2.5438,5.5089
1024,27,399,128.0000,28.3333,34.6667,50.8333,113.8333,64.0000,1.7786,117.1667,1.8307,2.7017,4.4922
1024,28,100,128.0000,29.0000,37.6667,60.3333,127.0000,64.0000,1.9844,129.0000,2.0156,3.0148,4.9981
1024,28,175,128.0000,31.8333,35.3333,58.5000,125.6667,64.0000,1.9635,126.8333,1.9818,3.0370,5.5096
1024,28,250,128.0000,28.6667,36.6667,56.1667,121.5000,64.0000,1.8984,123.6667,1.9323,2.9455,5.0019
1024,28,325,128.0000,29.6667,35.5000,63.1667,128.3333,64.0000,2.0052,129.6667,2.0260,3.0972,5.5034
1024,28,399,128.0000,29.0000,38.1667,62.0000,129.1667,64.0000,2.0182,130.3333,2.0365,3.3433,6.5040
1024,29,100,128.0000,28.1667,35.5000,56.6667,120.3333,64.0000,1.8802,122.5000,1.9141,2.8481,5.4980
1024,29,175,128.0000,28.6667,33.1667,55.3333,117.1667,64.0000,1.8307,119.3333,1.8646,2.9477,4.5050
1024,29,250,128.0000,29.5000,34.8333,52.1667,116.5000,64.0000,1.8203,117.8333,1.8411,2.7426,4.9938
1024,29,325,128.0000,28.8333,38.1667,57.8333,124.8333,64.0000,1.9505,124.8333,1.9505,2.9710,5.4905
1024,29,399,128.0000,27.8333,35.3333,54.3333,117.5000,64.0000,1.8359,117.8333,1.8411,2.9264,5.0099
1024,30,100,128.0000,28.3333,30.1667,32.0000,90.5000,64.0000,1.4141,90.6667,1.4167,1.5119,4.4883
1024,30,175,128.0000,27.5000,29.6667,36.3333,93.5000,64.0000,1.4609,94.1667,1.4714,1.6571,3.9960
1024,30,250,128.0000,27.8333,29.5000,34.6667,92.0000,64.0000,1.4375,93.3333,1.4583,1.4843,4.0005
1024,30,325,128.0000,29.3333,30.1667,35.1667,94.6667,64.0000,1.4792,95.1667,1.4870,1.7405,4.5061
1024,30,399,128.0000,27.6667,31.8333,35.5000,95.0000,64.0000,1.4844,97.0000,1.5156,1.7703,4.5011
1024,31,100,128.0000,28.1667,29.1667,32.3333,89.6667,64.0000,1.4010,90.3333,1.4115,1.1499,3.9970
1024,31,175,128.0000,27.5000,29.3333,30.0000,86.8333,64.0000,1.3568,87.8333,1.3724,1.2940,4.5011
1024,31,250,128.0000,26.5000,29.5000,32.1667,88.1667,64.0000,1.3776,89.5000,1.3984,1.3575,4.0010
1024,31,325,128.0000,26.8333,30.0000,31.6667,88.5000,64.0000,1.3828,88.5000,1.3828,1.3173,4.9994
1024,31,399,128.0000,26.6667,29.1667,31.1667,87.0000,64.0000,1.3594,87.6667,1.3698,1.2709,4.0035
1024,32,100,128.0000,28.3333,32.3333,36.5000,97.1667,64.0000,1.5182,99.6667,1.5573,1.7531,3.9980
1024,32,175,128.0000,30.3333,37.3333,38.3333,106.0000,64.0000,1.6562,106.6667,1.6667,1.7379,3.9995
1024,32,250,128.0000,28.6667,31.0000,36.0000,95.6667,64.0000,1.4948,95.8333,1.4974,1.6131,4.0050
1024,32,325,128.0000,28.6667,33.8333,37.1667,99.6667,64.0000,1.5573,99.8333,1.5599,1.7736,4.0085
1024,32,399,128.0000,28.5000,34.3333,37.6667,100.5000,64.0000,1.5703,101.5000,1.5859,1.6875,5.4905
1024,33,100,128.0000,27.5000,30.6667,30.6667,88.8333,64.0000,1.3880,89.5000,1.3984,1.3495,4.5011
1024,33,175,128.0000,28.6667,30.8333,31.3333,90.8333,64.0000,1.4193,91.8333,1.4349,1.4409,4.4889
1024,33,250,128.0000,28.6667,30.8333,31.6667,91.1667,64.0000,1.4245,91.3333,1.4271,1.3568,3.9990
1024,33,325,128.0000,28.6667,32.5000,34.5000,95.6667,64.0000,1.4948,96.5000,1.5078,1.3892,5.0012
1024,33,399,128.0000,29.1667,29.5000,31.1667,89.8333,64.0000,1.4036,90.8333,1.4193,1.3666,5.0056
1024,34,100,128.0000,29.8333,32.3333,34.6667,96.8333,64.0000,1.5130,100.6667,1.5729,1.6345,3.9990
1024,34,175,128.0000,27.5000,30.3333,37.8333,95.6667,64.0000,1.4948,98.6667,1.5417,1.7447,4.9963
1024,34,250,128.0000,28.6667,32.0000,36.8333,97.5000,64.0000,1.5234,98.6667,1.5417,1.7385,4.0010
1024,34,325,128.0000,27.3333,32.0000,38.1667,97.5000,64.0000,1.5234,97.6667,1.5260,1.6577,3.9975
1024,34,399,128.0000,29.6667,32.5000,39.0000,101.1667,64.0000,1.5807,102.1667,1.5964,1.6993,4.5022
1024,35,100,128.0000,27.3333,29.1667,30.3333,86.8333,64.0000,1.3568,87.8333,1.3724,1.3692,4.5134
1024,35,175,128.0000,28.1667,31.6667,33.3333,93.1667,64.0000,1.4557,93.5000,1.4609,1.4980,4.4939
1024,35,250,128.0000,27.8333,29.8333,31.3333,89.0000,64.0000,1.3906,90.5000,1.4141,1.2951,4.0045
1024,35,325,128.0000,29.3333,30.1667,33.0000,92.5000,64.0000,1.4453,92.5000,1.4453,1.3181,4.0020
1024,35,399,128.0000,27.6667,28.6667,31.3333,87.6667,64.0000,1.3698,88.8333,1.3880,1.2959,5.0087
1024,36,100,128.0000,28.1667,31.5000,32.6667,92.3333,64.0000,1.4427,92.8333,1.4505,1.5168,4.0025
1024,36,175,128.0000,29.0000,30.3333,35.0000,94.3333,64.0000,1.4740,94.8333,1.4818,1.5544,3.9970
1024,36,250,128.0000,27.6667,30.6667,33.3333,91.6667,64.0000,1.4323,92.1667,1.4401,1.6752,4.0015
1024,36,325,128.0000,28.1667,33.8333,34.8333,96.8333,64.0000,1.5130,98.1667,1.5339,1.6101,4.4972
1024,36,399,128.0000,28.3333,30.3333,36.3333,95.0000,64.0000,1.4844,96.6667,1.5104,1.6990,4.5017
1024,37,100,128.0000,26.8333,29.6667,29.3333,85.8333,64.0000,1.3411,86.8333,1.3568,1.2526,4.4950
1024,37,175,128.0000,29.0000,30.3333,31.5000,90.8333,64.0000,1.4193,91.1667,1.4245,1.3761,4.0089
1024,37,250,128.0000,28.1667,29.6667,31.5000,89.3333,64.0000,1.3958,89.8333,1.4036,1.3575,4.0010
1024,37,325,128.0000,27.0000,29.3333,31.5000,87.8333,64.0000,1.3724,89.6667,1.4010,1.3058,5.0162
1024,37,399,128.0000,27.3333,29.6667,32.6667,89.6667,64.0000,1.4010,89.6667,1.4010,1.3027,5.0043
1024,38,100,128.0000,30.0000,37.0000,47.5000,114.5000,64.0000,1.7891,117.1667,1.8307,2.3847,7.4870
1024,38,175,128.0000,27.8333,34.8333,49.5000,112.1667,64.0000,1.7526,113.6667,1.7760,2.4988,4.9975
1024,38,250,128.0000,29.0000,38.6667,49.0000,116.6667,64.0000,1.8229,118.1667,1.8464,2.4658,4.4955
1024,38,325,128.0000,31.5000,37.0000,47.5000,116.0000,64.0000,1.8125,116.8333,1.8255,2.4969,4.4944
1024,38,399,128.0000,29.8333,34.6667,48.5000,113.0000,64.0000,1.7656,114.5000,1.7891,2.6597,4.5017
1024,39,100,128.0000,27.1667,32.3333,34.3333,93.8333,64.0000,1.4661,93.8333,1.4661,1.4675,4.4978
1024,39,175,128.0000,29.3333,30.0000,33.3333,92.6667,64.0000,1.4479,93.6667,1.4635,1.4621,5.0062
1024,39,250,128.0000,29.0000,31.1667,34.0000,94.1667,64.0000,1.4714,94.5000,1.4766,1.6182,4.4978
1024,39,325,128.0000,30.3333,33.1667,35.6667,99.1667,64.0000,1.5495,99.8333,1.5599,1.6520,4.5034
1024,39,399,128.0000,28.1667,32.3333,33.5000,94.0000,64.0000,1.4688,94.1667,1.4714,1.5202,4.4894
1024,40,100,128.0000,27.6667,31.3333,30.5000,89.5000,64.0000,1.3984,90.5000,1.4141,1.3037,4.0065
1024,40,175,128.0000,27.3333,29.0000,30.5000,86.8333,64.0000,1.3568,87.6667,1.3698,1.2297,4.4983
1024,40,250,128.0000,27.3333,31.6667,29.5000,88.5000,64.0000,1.3828,88.6667,1.3854,1.2230,4.0025
1024,40,325,128.0000,26.8333,28.8333,31.3333,87.0000,64.0000,1.3594,87.8333,1.3724,1.2865,4.5028
1024,40,399,128.0000,27.3333,30.5000,32.3333,90.1667,64.0000,1.4089,92.0000,1.4375,1.4127,4.0000
1024,41,100,128.0000,27.1667,28.5000,30.6667,86.3333,64.0000,1.3490,88.8333,1.3880,1.2610,3.9970
1024,41,175,128.0000,27.6667,31.8333,30.5000,90.0000,64.0000,1.4062,91.0000,1.4219,1.2990,3.9921
1024,41,250,128.0000,28.0000,29.8333,31.6667,89.5000,64.0000,1.3984,90.5000,1.4141,1.4913,3.9980
1024,41,325,128.0000,27.8333,29.8333,29.6667,87.3333,64.0000,1.3646,90.1667,1.4089,1.2771,3.9980
1024,41,399,128.0000,27.3333,30.5000,29.1667,87.0000,64.0000,1.3594,87.6667,1.3698,1.3504,4.0035
1024,42,100,128.0000,28.6667,30.0000,32.5000,91.1667,64.0000,1.4245,91.5000,1.4297,1.2123,4.4928
1024,42,175,128.0000,27.1667,28.1667,31.1667,86.5000,64.0000,1.3516,87.8333,1.3724,1.2954,4.5061
1024,42,250,128.0000,28.1667,29.5000,31.8333,89.5000,64.0000,1.3984,90.0000,1.4062,1.3475,4.9938
1024,42,325,128.0000,29.1667,31.8333,33.3333,94.3333,64.0000,1.4740,95.5000,1.4922,1.3462,4.4900
1024,42,399,128.0000,28.0000,30.5000,33.3333,91.8333,64.0000,1.4349,92.0000,1.4375,1.5889,3.5035
1024,43,100,128.0000,27.6667,30.0000,30.3333,88.0000,64.0000,1.3750,88.6667,1.3854,1.2697,4.4994
1024,43,175,128.0000,28.1667,30.6667,30.1667,89.0000,64.0000,1.3906,90.3333,1.4115,1.2077,4.0045
1024,43,250,128.0000,28.8333,30.1667,30.1667,89.1667,64.0000,1.3932,90.8333,1.4193,1.2150,4.0025
1024,43,325,128.0000,28.5000,31.0000,31.6667,91.1667,64.0000,1.4245,91.5000,1.4297,1.2468,4.0025
1024,43,399,128.0000,28.0000,29.1667,30.0000,87.1667,64.0000,1.3620,87.1667,1.3620,1.2240,4.0060
1024,44,100,128.0000,28.5000,31.3333,30.8333,90.6667,64.0000,1.4167,92.6667,1.4479,1.2538,4.4994
1024,44,175,128.0000,28.0000,30.6667,29.6667,88.3333,64.0000,1.3802,89.3333,1.3958,1.2448,3.9960
1024,44,250,128.0000,28.1667,30.1667,30.3333,88.6667,64.0000,1.3854,90.6667,1.4167,1.2204,3.9941
1024,44,325,128.0000,27.5000,29.5000,31.3333,88.3333,64.0000,1.3802,88.6667,1.3854,1.2702,4.0010
1024,44,399,128.0000,27.3333,29.8333,32.0000,89.1667,64.0000,1.3932,90.1667,1.4089,1.2888,4.5106
1024,45,100,128.0000,27.0000,31.0000,33.8333,91.8333,64.0000,1.4349,92.5000,1.4453,1.5567,5.0037
1024,45,175,128.0000,27.6667,29.3333,36.1667,93.1667,64.0000,1.4557,94.5000,1.4766,1.6343,3.9985
1024,45,250,128.0000,28.8333,30.5000,36.6667,96.0000,64.0000,1.5000,96.1667,1.5026,1.6213,4.0055
1024,45,325,128.0000,27.1667,31.1667,34.5000,92.8333,64.0000,1.4505,94.1667,1.4714,1.6093,3.9955
1024,45,399,128.0000,28.0000,29.6667,37.0000,94.6667,64.0000,1.4792,95.3333,1.4896,1.5397,4.0000
1024,46,100,128.0000,27.6667,29.6667,30.8333,88.1667,64.0000,1.3776,90.1667,1.4089,1.3734,4.0010
1024,46,175,128.0000,27.6667,30.1667,31.8333,89.6667,64.0000,1.4010,91.0000,1.4219,1.4867,3.5061
1024,46,250,128.0000,28.6667,30.0000,32.8333,91.5000,64.0000,1.4297,92.6667,1.4479,1.4175,3.9911
1024,46,325,128.0000,28.1667,30.5000,33.8333,92.5000,64.0000,1.4453,93.6667,1.4635,1.5253,4.0040
1024,46,399,128.0000,27.3333,31.5000,36.6667,95.5000,64.0000,1.4922,96.8333,1.5130,1.6660,4.4983
1024,47,100,128.0000,27.1667,31.6667,33.6667,92.5000,64.0000,1.4453,94.1667,1.4714,1.5020,4.5061
1024,47,175,128.0000,27.5000,29.5000,34.0000,91.0000,64.0000,1.4219,91.6667,1.4323,1.5627,4.4978
1024,47,250,128.0000,28.0000,30.8333,32.1667,91.0000,64.0000,1.4219,92.3333,1.4427,1.4636,4.0089
1024,47,325,128.0000,28.0000,29.5000,32.5000,90.0000,64.0000,1.4062,90.6667,1.4167,1.4747,3.9960
1024,47,399,128.0000,28.6667,33.1667,33.8333,95.6667,64.0000,1.4948,98.3333,1.5365,1.5463,4.9957
1024,48,100,128.0000,28.3333,31.8333,33.5000,93.6667,64.0000,1.4635,93.8333,1.4661,1.5234,4.4989
1024,48,175,128.0000,28.5000,30.0000,31.8333,90.3333,64.0000,1.4115,91.5000,1.4297,1.3892,4.0010
1024,48,250,128.0000,28.3333,29.1667,32.3333,89.8333,64.0000,1.4036,90.3333,1.4115,1.3975,4.0020
1024,48,325,128.0000,27.1667,31.8333,33.3333,92.3333,64.0000,1.4427,94.6667,1.4792,1.5408,4.5034
1024,48,399,128.0000,28.1667,30.1667,34.0000,92.3333,64.0000,1.4427,93.1667,1.4557,1.4152,4.0070
1024,49,100,128.0000,28.6667,29.3333,29.8333,87.8333,64.0000,1.3724,88.1667,1.3776,1.3009,3.9980
1024,49,175,128.0000,28.3333,28.8333,29.8333,87.0000,64.0000,1.3594,89.3333,1.3958,1.2230,4.0025
1024,49,250,128.0000,28.3333,31.0000,32.0000,91.3333,64.0000,1.4271,93.3333,1.4583,1.2227,4.5017
1024,49,325,128.0000,27.1667,28.5000,29.6667,85.3333,64.0000,1.3333,86.3333,1.3490,1.2055,4.4967
1024,49,399,128.0000,27.3333,31.6667,31.0000,90.0000,64.0000,1.4062,90.8333,1.4193,1.2779,4.5006
1024,50,100,128.0000,28.8333,31.3333,31.6667,91.8333,64.0000,1.4349,93.6667,1.4635,1.3009,4.4978
1024,50,175,128.0000,29.6667,29.5000,29.0000,88.1667,64.0000,1.3776,88.1667,1.3776,1.2454,3.9980
1024,50,250,128.0000,27.3333,30.5000,30.5000,88.3333,64.0000,1.3802,89.0000,1.3906,1.2743,4.0139
1024,50,325,128.0000,29.6667,29.3333,31.8333,90.8333,64.0000,1.4193,91.6667,1.4323,1.3892,4.5011
1024,50,399,128.0000,27.6667,29.3333,30.0000,87.0000,64.0000,1.3594,87.5000,1.3672,1.3050,4.5117
1024,51,100,128.0000,28.5000,30.8333,29.3333,88.6667,64.0000,1.3854,89.1667,1.3932,1.2193,3.9906
1024,51,175,128.0000,27.6667,32.0000,32.0000,91.6667,64.0000,1.4323,93.0000,1.4531,1.2844,3.9960
1024,51,250,128.0000,27.8333,30.1667,30.3333,88.3333,64.0000,1.3802,89.0000,1.3906,1.1980,4.4983
1024,51,325,128.0000,27.5000,29.3333,30.0000,86.8333,64.0000,1.3568,87.5000,1.3672,1.2546,5.0025
1024,51,399,128.0000,29.3333,29.5000,32.0000,90.8333,64.0000,1.4193,91.0000,1.4219,1.2175,5.0131
1024,52,100,128.0000,27.3333,30.5000,38.3333,96.1667,64.0000,1.5026,96.6667,1.5104,1.8796,3.9970
1024,52,175,128.0000,27.5000,30.0000,39.1667,96.6667,64.0000,1.5104,98.6667,1.5417,2.0057,4.0114
1024,52,250,128.0000,28.0000,33.0000,38.1667,99.1667,64.0000,1.5495,101.6667,1.5885,1.8471,4.4950
1024,52,325,128.0000,27.6667,32.0000,43.5000,103.1667,64.0000,1.6120,105.1667,1.6432,2.0661,5.0062
1024,52,399,128.0000,27.8333,29.6667,41.3333,98.8333,64.0000,1.5443,99.1667,1.5495,1.9777,4.5034
1024,53,100,128.0000,28.1667,30.5000,31.5000,90.1667,64.0000,1.4089,90.6667,1.4167,1.3277,4.0070
1024,53,175,128.0000,28.8333,31.0000,32.3333,92.1667,64.0000,1.4401,92.8333,1.4505,1.4852,4.0030
1024,53,250,128.0000,28.6667,32.1667,34.5000,95.3333,64.0000,1.4896,95.5000,1.4922,1.5903,4.0075
1024,53,325,128.0000,27.6667,31.3333,31.6667,90.6667,64.0000,1.4167,91.3333,1.4271,1.4120,3.9980
1024,53,399,128.0000,28.6667,30.8333,32.8333,92.3333,64.0000,1.4427,92.3333,1.4427,1.5691,4.4933
1024,54,100,128.0000,27.0000,28.5000,28.5000,84.0000,64.0000,1.3125,84.5000,1.3203,1.2156,4.0045
1024,54,175,128.0000,27.5000,33.3333,30.6667,91.5000,64.0000,1.4297,91.8333,1.4349,1.1623,4.0124
1024,54,250,128.0000,27.6667,31.8333,30.3333,89.8333,64.0000,1.4036,90.0000,1.4062,1.1874,3.9896
1024,54,325,128.0000,28.0000,29.8333,32.5000,90.3333,64.0000,1.4115,90.6667,1.4167,1.2081,4.0060
1024,54,399,128.0000,28.0000,30.6667,31.0000,89.6667,64.0000,1.4010,90.5000,1.4141,1.3178,4.5011
1024,55,100,128.0000,28.1667,31.3333,35.5000,95.0000,64.0000,1.4844,97.6667,1.5260,1.6443,3.9842
1024,55,175,128.0000,28.8333,30.3333,34.6667,93.8333,64.0000,1.4661,94.6667,1.4792,1.6934,4.5078
1024,55,250,128.0000,27.0000,31.0000,35.1667,93.1667,64.0000,1.4557,93.8333,1.4661,1.6207,4.0040
1024,55,325,128.0000,27.6667,30.5000,33.6667,91.8333,64.0000,1.4349,95.1667,1.4870,1.6408,4.4944
1024,55,399,128.0000,28.1667,30.3333,35.0000,93.5000,64.0000,1.4609,94.0000,1.4688,1.7387,4.5017
1024,56,100,128.0000,27.6667,29.1667,32.3333,89.1667,64.0000,1.3932,90.1667,1.4089,1.2228,4.0020
1024,56,175,128.0000,27.8333,29.6667,29.0000,86.5000,64.0000,1.3516,87.6667,1.3698,1.1414,3.9950
1024,56,250,128.0000,27.8333,30.0000,29.8333,87.6667,64.0000,1.3698,88.1667,1.3776,1.2382,4.0005
1024,56,325,128.0000,27.8333,30.5000,30.0000,88.3333,64.0000,1.3802,88.8333,1.3880,1.2979,4.4872
1024,56,399,128.0000,28.3333,29.6667,30.1667,88.1667,64.0000,1.3776,89.0000,1.3906,1.2239,4.0055
1024,57,100,128.0000,27.8333,31.0000,31.5000,90.3333,64.0000,1.4115,91.3333,1.4271,1.2775,4.4989
1024,57,175,128.0000,27.6667,31.0000,31.1667,89.8333,64.0000,1.4036,90.6667,1.4167,1.3742,4.0035
1024,57,250,128.0000,28.1667,31.3333,30.0000,89.5000,64.0000,1.3984,90.1667,1.4089,1.2231,4.5034
1024,57,325,128.0000,28.1667,29.6667,30.6667,88.5000,64.0000,1.3828,88.6667,1.3854,1.3706,4.4922
1024,57,399,128.0000,28.3333,31.3333,33.0000,92.6667,64.0000,1.4479,93.0000,1.4531,1.5378,3.9950
1024,58,100,128.0000,28.5000,28.8333,31.1667,88.5000,64.0000,1.3828,90.0000,1.4062,1.4386,4.0060
1024,58,175,128.0000,27.8333,31.1667,33.8333,92.8333,64.0000,1.4505,94.5000,1.4766,1.4845,4.0010
1024,58,250,128.0000,27.8333,32.1667,34.1667,94.1667,64.0000,1.4714,95.0000,1.4844,1.5832,4.4883
1024,58,325,128.0000,27.0000,29.3333,30.5000,86.8333,64.0000,1.3568,88.6667,1.3854,1.4385,4.0055
1024,58,399,128.0000,28.1667,30.1667,33.3333,91.6667,64.0000,1.4323,92.6667,1.4479,1.6575,3.9970
1024,59,100,128.0000,28.3333,31.0000,33.3333,92.6667,64.0000,1.4479,93.3333,1.4583,1.3808,4.4994
1024,59,175,128.0000,27.8333,30.0000,29.3333,87.1667,64.0000,1.3620,89.1667,1.3932,1.2746,3.9901
1024,59,250,128.0000,27.5000,29.5000,31.5000,88.5000,64.0000,1.3828,90.1667,1.4089,1.2248,4.5095
1024,59,325,128.0000,27.3333,29.1667,33.0000,89.5000,64.0000,1.3984,90.0000,1.4062,1.2954,4.0055
1024,59,399,128.0000,28.8333,30.1667,31.5000,90.5000,64.0000,1.4141,92.6667,1.4479,1.2382,4.5006
1024,60,100,128.0000,27.6667,29.6667,30.5000,87.8333,64.0000,1.3724,88.6667,1.3854,1.2026,3.9876
1024,60,175,128.0000,28.1667,31.3333,31.6667,91.1667,64.0000,1.4245,91.3333,1.4271,1.2681,3.9946
1024,60,250,128.0000,28.0000,29.6667,30.6667,88.3333,64.0000,1.3802,89.0000,1.3906,1.2451,3.9970
1024,60,325,128.0000,28.1667,29.5000,32.6667,90.3333,64.0000,1.4115,91.0000,1.4219,1.2066,4.0010
1024,60,399,128.0000,27.8333,29.8333,29.5000,87.1667,64.0000,1.3620,87.6667,1.3698,1.2937,5.5000
2048,3,100,256.0000,51.5000,55.3333,54.6667,161.5000,128.0000,1.2617,161.6667,1.2630,1.1978,3.0084
2048,3,175,256.0000,52.5000,55.6667,53.3333,161.5000,128.0000,1.2617,162.0000,1.2656,1.1482,2.7532
2048,3,250,256.0000,50.0000,54.8333,54.0000,158.8333,128.0000,1.2409,159.6667,1.2474,1.1628,3.2502
2048,3,325,256.0000,50.8333,53.8333,54.1667,158.8333,128.0000,1.2409,160.6667,1.2552,1.1314,3.2514
2048,3,399,256.0000,51.1667,53.0000,56.3333,160.5000,128.0000,1.2539,162.0000,1.2656,1.1817,2.9978
2048,4,100,256.0000,53.6667,54.0000,53.6667,161.3333,128.0000,1.2604,162.3333,1.2682,1.1530,3.2452
2048,4,175,256.0000,52.3333,53.1667,54.6667,160.1667,128.0000,1.2513,161.1667,1.2591,1.1032,3.0002
2048,4,250,256.0000,50.5000,53.5000,55.3333,159.3333,128.0000,1.2448,161.0000,1.2578,1.1383,2.9983
2048,4,325,256.0000,53.0000,56.6667,53.3333,163.0000,128.0000,1.2734,163.8333,1.2799,1.1193,3.0007
2048,4,399,256.0000,52.6667,57.1667,55.5000,165.3333,128.0000,1.2917,167.6667,1.3099,1.1118,3.2520
2048,5,100,256.0000,51.0000,52.5000,56.6667,160.1667,128.0000,1.2513,160.3333,1.2526,1.2109,3.0015
2048,5,175,256.0000,52.6667,54.8333,55.3333,162.8333,128.0000,1.2721,163.6667,1.2786,1.2532,3.5089
2048,5,250,256.0000,52.3333,54.6667,56.8333,163.8333,128.0000,1.2799,164.0000,1.2812,1.2031,2.7515
2048,5,325,256.0000,52.1667,56.1667,53.0000,161.3333,128.0000,1.2604,161.5000,1.2617,1.1677,3.2528
2048,5,399,256.0000,51.0000,54.3333,55.6667,161.0000,128.0000,1.2578,161.6667,1.2630,1.1404,3.2544
2048,6,100,256.0000,51.8333,55.1667,54.1667,161.1667,128.0000,1.2591,161.6667,1.2630,1.1814,2.9972
2048,6,175,256.0000,53.5000,54.3333,62.5000,170.3333,128.0000,1.3307,170.3333,1.3307,1.4276,3.2478
2048,6,250,256.0000,53.0000,55.3333,56.1667,164.5000,128.0000,1.2852,164.8333,1.2878,1.2801,3.2458
2048,6,325,256.0000,52.6667,55.0000,55.6667,163.3333,128.0000,1.2760,163.5000,1.2773,1.2034,2.7524
2048,6,399,256.0000,52.1667,55.3333,59.6667,167.1667,128.0000,1.3060,167.1667,1.3060,1.1879,3.0035
2048,7,100,256.0000,53.6667,60.8333,76.5000,191.0000,128.0000,1.4922,193.1667,1.5091,1.8583,3.5022
2048,7,175,256.0000,54.6667,68.1667,82.6667,205.5000,128.0000,1.6055,206.3333,1.6120,2.0602,4.2513
2048,7,250,256.0000,54.0000,61.3333,78.6667,194.0000,128.0000,1.5156,195.5000,1.5273,1.8600,3.7477
2048,7,325,256.0000,53.8333,64.0000,84.6667,202.5000,128.0000,1.5820,205.8333,1.6081,2.0269,3.4985
2048,7,399,256.0000,52.0000,59.6667,79.0000,190.6667,128.0000,1.4896,192.1667,1.5013,1.8869,3.7461
2048,8,100,256.0000,54.3333,65.3333,115.8333,235.5000,128.0000,1.8398,237.1667,1.8529,3.2030,4.7509
2048,8,175,256.0000,53.5000,71.5000,118.6667,243.6667,128.0000,1.9036,245.1667,1.9154,3.2258,5.2493
2048,8,250,256.0000,54.1667,67.6667,117.1667,239.0000,128.0000,1.8672,240.0000,1.8750,3.2449,4.7541
2048,8,325,256.0000,54.3333,71.1667,117.5000,243.0000,128.0000,1.8984,247.0000,1.9297,3.1702,4.9994
2048,8,399,256.0000,54.8333,70.1667,116.6667,241.6667,128.0000,1.8880,243.6667,1.9036,3.1451,5.4969
2048,9,100,256.0000,51.6667,53.3333,57.1667,162.1667,128.0000,1.2669,163.3333,1.2760,1.1814,2.7474
2048,9,175,256.0000,51.8333,59.6667,55.1667,166.6667,128.0000,1.3021,167.0000,1.3047,1.2009,2.7466
2048,9,250,256.0000,51.8333,55.3333,53.6667,160.8333,128.0000,1.2565,161.5000,1.2617,1.1584,3.2490
2048,9,325,256.0000,53.0000,56.8333,56.1667,166.0000,128.0000,1.2969,166.0000,1.2969,1.2031,3.2518
2048,9,399,256.0000,52.6667,55.3333,57.0000,165.0000,128.0000,1.2891,166.6667,1.3021,1.1845,3.0050
2048,10,100,256.0000,52.0000,57.3333,60.8333,170.1667,128.0000,1.3294,170.5000,1.3320,1.4525,3.0002
2048,10,175,255.8750,54.6667,57.1667,61.0000,172.8333,127.9375,1.3509,173.8333,1.3587,1.4958,3.2494
2048,10,250,256.0000,53.1667,57.5000,60.3333,171.0000,128.0000,1.3359,172.3333,1.3464,1.4084,3.4991
2048,10,325,256.0000,52.5000,56.1667,66.6667,175.3333,128.0000,1.3698,176.6667,1.3802,1.5159,3.0000
2048,10,399,256.0000,54.5000,64.0000,62.1667,180.6667,128.0000,1.4115,181.0000,1.4141,1.4100,3.4933
2048,11,100,256.0000,52.1667,58.5000,61.0000,171.6667,128.0000,1.3411,172.1667,1.3451,1.2893,2.7491
2048,11,175,255.8750,53.3333,56.3333,60.8333,170.5000,127.9375,1.3327,171.1667,1.3379,1.4185,3.2542
2048,11,250,256.0000,52.8333,54.1667,56.6667,163.6667,128.0000,1.2786,166.0000,1.2969,1.2833,3.0035
2048,11,325,256.0000,53.3333,55.1667,65.0000,173.5000,128.0000,1.3555,175.5000,1.3711,1.5148,2.9980
2048,11,399,256.0000,54.0000,60.3333,59.6667,174.0000,128.0000,1.3594,174.3333,1.3620,1.3223,3.0020
2048,12,100,256.0000,51.5000,54.5000,55.0000,161.0000,128.0000,1.2578,163.3333,1.2760,1.1707,3.0002
2048,12,175,255.8750,52.0000,54.3333,56.0000,162.3333,127.9375,1.2688,163.3333,1.2767,1.2235,3.2430
2048,12,250,256.0000,51.1667,54.3333,52.6667,158.1667,128.0000,1.2357,159.3333,1.2448,1.1339,2.7474
2048,12,325,256.0000,55.1667,58.0000,56.1667,169.3333,128.0000,1.3229,170.6667,1.3333,1.1663,3.2490
2048,12,399,256.0000,52.3333,55.5000,59.0000,166.8333,128.0000,1.3034,168.3333,1.3151,1.1895,3.2474
2048,13,100,256.0000,52.5000,54.6667,58.0000,165.1667,128.0000,1.2904,167.5000,1.3086,1.2061,3.2492
2048,13,175,255.8750,52.3333,55.3333,57.3333,165.0000,127.9375,1.2897,167.0000,1.3053,1.2366,2.7468
2048,13,250,256.0000,54.5000,53.5000,54.1667,162.1667,128.0000,1.2669,164.1667,1.2826,1.2438,3.0041
2048,13,325,256.0000,52.5000,54.3333,58.3333,165.1667,128.0000,1.2904,166.6667,1.3021,1.3188,3.0030
2048,13,399,256.0000,54.3333,54.8333,56.5000,165.6667,128.0000,1.2943,166.0000,1.2969,1.2264,3.0006
2048,14,100,256.0000,52.5000,56.8333,72.5000,181.8333,128.0000,1.4206,182.8333,1.4284,1.8434,3.2538
2048,14,175,255.8750,51.6667,62.3333,76.0000,190.0000,127.9375,1.4851,193.0000,1.5085,1.9142,3.5028
2048,14,250,256.0000,51.0000,60.0000,77.0000,188.0000,128.0000,1.4688,189.5000,1.4805,1.9097,3.0015
2048,14,325,256.0000,54.1667,60.0000,80.6667,194.8333,128.0000,1.5221,195.8333,1.5299,1.9990,4.0060
2048,14,399,256.0000,55.6667,60.8333,76.5000,193.0000,128.0000,1.5078,195.5000,1.5273,1.9021,3.7526
2048,15,100,256.0000,56.1667,58.6667,62.0000,176.8333,128.0000,1.3815,177.0000,1.3828,1.4062,3.2534
2048,15,175,255.8750,54.1667,59.6667,69.3333,183.1667,127.9375,1.4317,185.5000,1.4499,1.5471,3.2573
2048,15,250,256.0000,54.3333,58.5000,63.3333,176.1667,128.0000,1.3763,176.1667,1.3763,1.4239,3.0069
2048,15,325,256.0000,56.1667,59.8333,67.1667,183.1667,128.0000,1.4310,183.5000,1.4336,1.4993,2.9987
2048,15,399,256.0000,53.5000,59.6667,72.6667,185.8333,128.0000,1.4518,185.8333,1.4518,1.5373,3.0032
2048,16,100,256.0000,55.0000,63.5000,78.5000,197.0000,128.0000,1.5391,198.0000,1.5469,1.7522,3.2468
2048,16,175,255.8750,53.6667,64.1667,81.6667,199.5000,127.9375,1.5594,200.3333,1.5659,1.7672,3.0022
2048,16,250,256.0000,54.3333,63.3333,80.3333,198.0000,128.0000,1.5469,202.8333,1.5846,1.8468,3.5030
2048,16,325,256.0000,54.0000,67.3333,83.3333,204.6667,128.0000,1.5990,205.5000,1.6055,1.9294,3.0013
2048,16,399,256.0000,54.8333,66.1667,76.1667,197.1667,128.0000,1.5404,200.5000,1.5664,1.7949,3.4948
2048,17,100,256.0000,54.8333,73.1667,132.6667,260.6667,128.0000,2.0365,264.0000,2.0625,3.7053,5.0093
2048,17,175,255.8750,55.0000,75.3333,140.3333,270.6667,127.9375,2.1156,274.1667,2.1430,3.8675,6.2539
2048,17,250,256.0000,56.8333,71.1667,133.8333,261.8333,128.0000,2.0456,263.6667,2.0599,3.7355,5.7582
2048,17,325,256.0000,53.1667,69.1667,130.6667,253.0000,128.0000,1.9766,255.1667,1.9935,3.6056,5.0034
2048,17,399,256.0000,54.6667,70.3333,133.3333,258.3333,128.0000,2.0182,260.6667,2.0365,3.7374,4.9938
2048,18,100,256.0000,52.0000,53.8333,54.1667,160.0000,128.0000,1.2500,161.3333,1.2604,1.1292,2.9954
2048,18,175,255.8750,51.5000,55.0000,55.0000,161.5000,127.9375,1.2623,162.6667,1.2715,1.1908,3.5011
2048,18,250,256.0000,51.8333,56.3333,55.8333,164.0000,128.0000,1.2812,166.6667,1.3021,1.1426,2.9994
2048,18,325,256.0000,52.8333,53.0000,53.6667,159.5000,128.0000,1.2461,161.1667,1.2591,1.1675,3.2524
2048,18,399,256.0000,51.1667,53.1667,54.0000,158.3333,128.0000,1.2370,159.3333,1.2448,1.1446,3.5052
2048,19,100,256.0000,53.0000,57.6667,58.8333,169.5000,128.0000,1.3242,169.5000,1.3242,1.3322,2.9974
2048,19,175,255.8750,52.5000,56.8333,65.5000,174.8333,127.9375,1.3666,176.6667,1.3809,1.5588,3.2486
2048,19,250,256.0000,52.6667,55.1667,61.6667,169.5000,128.0000,1.3242,169.8333,1.3268,1.3938,3.2430
2048,19,325,256.0000,50.1667,54.3333,62.3333,166.8333,128.0000,1.3034,168.6667,1.3177,1.3285,3.4978
2048,19,399,256.0000,52.1667,55.0000,60.1667,167.3333,128.0000,1.3073,170.1667,1.3294,1.4568,3.0009
2048,20,100,256.0000,52.5000,62.3333,75.5000,190.3333,128.0000,1.4870,191.5000,1.4961,1.9494,3.5017
2048,20,175,255.8750,55.0000,62.5000,83.0000,200.5000,127.9375,1.5672,202.5000,1.5828,2.0641,3.7440
2048,20,250,256.0000,55.1667,60.8333,75.8333,191.8333,128.0000,1.4987,192.6667,1.5052,1.9578,3.5026
2048,20,325,256.0000,57.1667,61.8333,79.3333,198.3333,128.0000,1.5495,198.3333,1.5495,1.9892,3.2454
2048,20,399,256.0000,57.6667,62.6667,79.6667,200.0000,128.0000,1.5625,201.0000,1.5703,2.0534,3.2466
2048,21,100,256.0000,54.3333,56.6667,58.6667,169.6667,128.0000,1.3255,169.6667,1.3255,1.4709,3.7568
2048,21,175,255.8750,54.6667,57.3333,63.8333,175.8333,127.9375,1.3744,178.3333,1.3939,1.5659,3.5054
2048,21,250,256.0000,54.6667,61.3333,63.3333,179.3333,128.0000,1.4010,179.6667,1.4036,1.4756,2.7490
2048,21,325,256.0000,53.1667,57.0000,65.6667,175.8333,128.0000,1.3737,177.3333,1.3854,1.5276,2.7497
2048,21,399,256.0000,52.8333,56.8333,61.5000,171.1667,128.0000,1.3372,174.6667,1.3646,1.4823,3.0043
2048,22,100,256.0000,57.1667,68.1667,87.8333,213.1667,128.0000,1.6654,218.6667,1.7083,2.2585,4.2511
2048,22,175,255.8750,56.0000,65.8333,90.5000,212.3333,127.9375,1.6597,213.8333,1.6714,2.3102,3.7512
2048,22,250,256.0000,55.3333,62.8333,78.6667,196.8333,128.0000,1.5378,197.6667,1.5443,2.0372,3.4957
2048,22,325,256.0000,56.5000,65.8333,91.1667,213.5000,128.0000,1.6680,213.8333,1.6706,2.2537,3.7495
2048,22,399,256.0000,56.6667,64.1667,84.3333,205.1667,128.0000,1.6029,206.3333,1.6120,2.1683,3.5026
2048,23,100,256.0000,54.1667,63.8333,83.1667,201.1667,128.0000,1.5716,202.0000,1.5781,2.1939,3.4991
2048,23,175,255.8750,54.8333,66.0000,89.3333,210.1667,127.9375,1.6427,213.1667,1.6662,2.2458,4.2495
2048,23,250,256.0000,56.3333,63.1667,84.3333,203.8333,128.0000,1.5924,207.0000,1.6172,2.1749,3.5004
2048,23,325,256.0000,55.5000,65.3333,84.6667,205.5000,128.0000,1.6055,207.5000,1.6211,2.1514,3.2450
2048,23,399,256.0000,53.6667,63.8333,86.1667,203.6667,128.0000,1.5911,205.8333,1.6081,2.1718,3.5020
2048,24,100,256.0000,54.8333,66.0000,84.3333,205.1667,128.0000,1.6029,205.6667,1.6068,2.0423,3.7549
2048,24,175,255.8750,55.3333,68.3333,82.1667,205.8333,127.9375,1.6089,205.8333,1.6089,2.0086,3.7512
2048,24,250,256.0000,54.8333,66.1667,78.5000,199.5000,128.0000,1.5586,202.8333,1.5846,1.9868,3.7551
2048,24,325,256.0000,53.5000,67.6667,86.3333,207.5000,128.0000,1.6211,210.5000,1.6445,2.1757,3.5017
2048,24,399,256.0000,54.6667,70.6667,83.6667,209.0000,128.0000,1.6328,210.5000,1.6445,1.9621,3.5033
2048,25,100,256.0000,53.6667,60.3333,65.3333,179.3333,128.0000,1.4010,180.0000,1.4062,1.5357,3.0000
2048,25,175,255.8750,54.5000,60.5000,65.0000,180.0000,127.9375,1.4069,182.8333,1.4291,1.5448,3.4937
2048,25,250,256.0000,54.3333,60.0000,63.0000,177.3333,128.0000,1.3854,178.3333,1.3932,1.4848,3.2514
2048,25,325,256.0000,54.1667,60.3333,66.5000,181.0000,128.0000,1.4141,183.1667,1.4310,1.4998,3.2496
2048,25,399,256.0000,53.3333,57.6667,65.8333,176.8333,128.0000,1.3815,180.1667,1.4076,1.5375,3.2454
2048,26,100,256.0000,54.0000,54.5000,56.5000,165.0000,128.0000,1.2891,165.1667,1.2904,1.1856,3.4974
2048,26,175,255.8750,52.3333,57.0000,58.5000,167.8333,127.9375,1.3118,168.5000,1.3170,1.3222,3.2518
2048,26,250,256.0000,53.5000,53.8333,57.3333,164.6667,128.0000,1.2865,165.6667,1.2943,1.2216,2.7486
2048,26,325,256.0000,55.0000,54.6667,56.3333,166.0000,128.0000,1.2969,166.6667,1.3021,1.1710,3.7512
2048,26,399,256.0000,51.6667,57.1667,56.1667,165.0000,128.0000,1.2891,166.5000,1.3008,1.2057,3.2589
2048,27,100,256.0000,54.0000,64.5000,96.8333,215.3333,128.0000,1.6823,215.3333,1.6823,2.5603,3.9950
2048,27,175,255.8750,52.0000,66.5000,102.0000,220.5000,127.9375,1.7235,222.1667,1.7365,2.6581,4.2489
2048,27,250,256.0000,54.3333,66.3333,100.1667,220.8333,128.0000,1.7253,220.8333,1.7253,2.6289,3.9908
2048,27,325,256.0000,54.5000,63.6667,95.0000,213.1667,128.0000,1.6654,214.0000,1.6719,2.5530,4.0022
2048,27,399,256.0000,54.1667,68.1667,99.8333,222.1667,128.0000,1.7357,222.6667,1.7396,2.5367,4.2516
2048,28,100,256.0000,54.6667,72.0000,112.1667,238.8333,128.0000,1.8659,243.6667,1.9036,3.1006,4.5020
2048,28,175,255.8750,56.8333,72.8333,122.1667,251.8333,127.9375,1.9684,258.6667,2.0218,3.2911,5.2523
2048,28,250,256.0000,54.8333,74.3333,118.1667,247.3333,128.0000,1.9323,247.3333,1.9323,3.2129,4.7479
2048,28,325,256.0000,56.6667,74.0000,112.6667,243.3333,128.0000,1.9010,244.8333,1.9128,3.0965,4.9957
2048,28,399,256.0000,56.8333,70.5000,117.5000,244.8333,128.0000,1.9128,246.3333,1.9245,3.1294,4.7476
2048,29,100,256.0000,54.0000,66.6667,99.6667,220.3333,128.0000,1.7214,221.3333,1.7292,2.6958,4.2521
2048,29,175,255.8750,54.8333,68.3333,108.1667,231.3333,127.9375,1.8082,233.5000,1.8251,2.8702,4.7586
2048,29,250,256.0000,58.0000,71.5000,107.3333,236.8333,128.0000,1.8503,237.0000,1.8516,2.8739,4.5014
2048,29,325,256.0000,53.0000,66.6667,109.5000,229.1667,128.0000,1.7904,229.3333,1.7917,2.7700,4.2503
2048,29,399,256.0000,55.5000,66.5000,101.5000,223.5000,128.0000,1.7461,227.0000,1.7734,2.6918,4.4955
2048,30,100,256.0000,51.5000,55.1667,63.1667,169.8333,128.0000,1.3268,171.5000,1.3398,1.5400,3.0006
2048,30,175,255.8750,53.8333,56.1667,64.5000,174.5000,127.9375,1.3639,176.8333,1.3822,1.6017,3.2550
2048,30,250,256.0000,54.3333,56.6667,67.6667,178.6667,128.0000,1.3958,180.5000,1.4102,1.5658,3.2466
2048,30,325,256.0000,53.8333,57.5000,72.6667,184.0000,128.0000,1.4375,184.0000,1.4375,1.6515,3.0013
2048,30,399,256.0000,51.3333,54.5000,63.0000,168.8333,128.0000,1.3190,170.6667,1.3333,1.5057,3.0035
2048,31,100,256.0000,50.6667,54.3333,54.8333,159.8333,128.0000,1.2487,160.1667,1.2513,1.1655,2.7473
2048,31,175,255.8750,52.8333,53.5000,56.0000,162.3333,127.9375,1.2688,164.5000,1.2858,1.2104,3.0002
2048,31,250,256.0000,52.3333,55.0000,55.6667,163.0000,128.0000,1.2734,163.5000,1.2773,1.1818,3.2480
2048,31,325,256.0000,51.5000,56.1667,58.0000,165.6667,128.0000,1.2943,167.1667,1.3060,1.2171,2.7474
2048,31,399,256.0000,52.6667,57.1667,55.0000,164.8333,128.0000,1.2878,166.1667,1.2982,1.1958,3.2536
2048,32,100,256.0000,54.5000,62.1667,67.5000,184.1667,128.0000,1.4388,184.5000,1.4414,1.6564,3.0030
2048,32,175,255.8750,55.3333,63.3333,72.8333,191.5000,127.9375,1.4968,191.8333,1.4994,1.7815,3.9995
2048,32,250,256.0000,56.0000,62.0000,67.3333,185.3333,128.0000,1.4479,187.0000,1.4609,1.6034,3.0004
2048,32,325,256.0000,56.5000,62.3333,73.1667,192.0000,128.0000,1.5000,194.6667,1.5208,1.6971,3.2476
2048,32,399,256.0000,55.1667,59.1667,70.3333,184.6667,128.0000,1.4427,188.1667,1.4701,1.5578,3.2464
2048,33,100,256.0000,52.5000,56.3333,59.3333,168.1667,128.0000,1.3138,168.3333,1.3151,1.2694,2.9989
2048,33,175,255.8750,55.6667,57.8333,58.8333,172.3333,127.9375,1.3470,173.0000,1.3522,1.3860,3.0022
2048,33,250,256.0000,53.8333,61.1667,61.1667,176.1667,128.0000,1.3763,177.8333,1.3893,1.3582,3.0024
2048,33,325,256.0000,54.3333,55.0000,60.6667,170.0000,128.0000,1.3281,172.5000,1.3477,1.3491,2.9998
2048,33,399,256.0000,53.3333,60.8333,63.3333,177.5000,128.0000,1.3867,177.5000,1.3867,1.4539,3.5037
2048,34,100,256.0000,53.0000,59.6667,68.0000,180.6667,128.0000,1.4115,184.1667,1.4388,1.6984,4.0000
2048,34,175,255.8750,53.3333,62.5000,68.8333,184.6667,127.9375,1.4434,188.5000,1.4734,1.6225,3.2569
2048,34,250,256.0000,53.5000,59.6667,66.0000,179.1667,128.0000,1.3997,182.1667,1.4232,1.5248,3.0020
2048,34,325,256.0000,53.6667,62.6667,70.3333,186.6667,128.0000,1.4583,188.3333,1.4714,1.5384,3.9968
2048,34,399,256.0000,53.6667,60.1667,69.6667,183.5000,128.0000,1.4336,187.3333,1.4635,1.5786,3.2567
2048,35,100,256.0000,50.8333,52.1667,55.8333,158.8333,128.0000,1.2409,160.0000,1.2500,1.2082,3.5054
2048,35,175,255.8750,52.3333,55.3333,61.3333,169.0000,127.9375,1.3210,169.6667,1.3262,1.2627,3.2520
2048,35,250,256.0000,50.8333,53.1667,54.5000,158.5000,128.0000,1.2383,159.3333,1.2448,1.1310,3.5002
2048,35,325,256.0000,52.1667,54.0000,60.6667,166.8333,128.0000,1.3034,168.8333,1.3190,1.2137,3.2484
2048,35,399,256.0000,53.1667,53.6667,54.6667,161.5000,128.0000,1.2617,162.5000,1.2695,1.1643,3.0041
2048,36,100,256.0000,52.6667,57.8333,64.8333,175.3333,128.0000,1.3698,176.8333,1.3815,1.5962,3.5022
2048,36,175,255.8750,54.0000,56.8333,65.8333,176.6667,127.9375,1.3809,177.8333,1.3900,1.5085,3.0011
2048,36,250,256.0000,54.6667,60.6667,65.3333,180.6667,128.0000,1.4115,181.5000,1.4180,1.5355,3.2496
2048,36,325,256.0000,54.1667,61.3333,67.3333,182.8333,128.0000,1.4284,182.8333,1.4284,1.5545,3.4976
2048,36,399,256.0000,54.1667,59.6667,72.6667,186.5000,128.0000,1.4570,186.6667,1.4583,1.5252,3.2446
2048,37,100,256.0000,55.6667,53.5000,59.1667,168.3333,128.0000,1.3151,169.3333,1.3229,1.2749,3.0026
2048,37,175,255.8750,52.8333,54.0000,58.3333,165.1667,127.9375,1.2910,167.6667,1.3105,1.2579,3.2498
2048,37,250,256.0000,53.6667,58.3333,56.8333,168.8333,128.0000,1.3190,169.1667,1.3216,1.3034,3.2546
2048,37,325,256.0000,53.5000,57.8333,58.6667,170.0000,128.0000,1.3281,172.6667,1.3490,1.3186,3.5030
2048,37,399,256.0000,52.6667,56.5000,55.1667,164.3333,128.0000,1.2839,165.6667,1.2943,1.2694,2.9991
2048,38,100,256.0000,54.1667,67.0000,96.0000,217.1667,128.0000,1.6966,217.8333,1.7018,2.4678,3.7493
2048,38,175,255.8750,56.8333,71.8333,100.6667,229.3333,127.9375,1.7925,229.5000,1.7938,2.5295,4.0089
2048,38,250,256.0000,55.0000,64.1667,102.1667,221.3333,128.0000,1.7292,221.8333,1.7331,2.6114,4.7432
2048,38,325,256.0000,56.3333,71.3333,100.1667,227.8333,128.0000,1.7799,230.6667,1.8021,2.6139,4.2482
2048,38,399,256.0000,58.3333,69.0000,93.8333,221.1667,128.0000,1.7279,221.3333,1.7292,2.4400,3.9993
2048,39,100,256.0000,52.3333,59.3333,63.0000,174.6667,128.0000,1.3646,177.3333,1.3854,1.4629,3.0052
2048,39,175,255.8750,53.8333,59.5000,64.8333,178.1667,127.9375,1.3926,181.3333,1.4174,1.5884,3.5024
2048,39,250,256.0000,53.3333,60.1667,65.0000,178.5000,128.0000,1.3945,180.0000,1.4062,1.5045,3.7514
2048,39,325,256.0000,55.8333,69.1667,70.5000,195.5000,128.0000,1.5273,198.6667,1.5521,1.6592,4.2513
2048,39,399,256.0000,53.5000,60.3333,69.6667,183.5000,128.0000,1.4336,185.5000,1.4492,1.6334,3.2548
2048,40,100,256.0000,51.3333,56.3333,55.3333,163.0000,128.0000,1.2734,164.8333,1.2878,1.1509,3.2504
2048,40,175,255.8750,53.6667,54.8333,55.6667,164.1667,127.9375,1.2832,165.8333,1.2962,1.2512,3.2530
2048,40,250,256.0000,53.3333,55.8333,58.3333,167.5000,128.0000,1.3086,168.1667,1.3138,1.3023,3.2518
2048,40,325,256.0000,52.0000,54.3333,57.1667,163.5000,128.0000,1.2773,164.5000,1.2852,1.1747,3.2502
2048,40,399,256.0000,51.8333,55.5000,58.3333,165.6667,128.0000,1.2943,167.5000,1.3086,1.2932,2.9989
2048,41,100,256.0000,53.1667,60.0000,56.5000,169.6667,128.0000,1.3255,169.8333,1.3268,1.2224,3.2504
2048,41,175,255.8750,52.6667,57.3333,60.0000,170.0000,127.9375,1.3288,170.1667,1.3301,1.2419,3.2496
2048,41,250,256.0000,52.6667,58.3333,56.0000,167.0000,128.0000,1.3047,167.0000,1.3047,1.1968,2.9959
2048,41,325,256.0000,53.3333,55.1667,58.6667,167.1667,128.0000,1.3060,167.1667,1.3060,1.1584,2.7491
2048,41,399,256.0000,51.5000,56.0000,60.0000,167.5000,128.0000,1.3086,169.3333,1.3229,1.1924,2.7544
2048,42,100,256.0000,52.3333,56.8333,58.3333,167.5000,128.0000,1.3086,168.0000,1.3125,1.3847,2.7497
2048,42,175,255.8750,53.0000,53.6667,59.8333,166.5000,127.9375,1.3014,167.5000,1.3092,1.3740,3.2524
2048,42,250,256.0000,52.8333,53.1667,59.1667,165.1667,128.0000,1.2904,166.5000,1.3008,1.3288,3.2486
2048,42,325,256.0000,52.1667,58.6667,60.3333,171.1667,128.0000,1.3372,172.8333,1.3503,1.3389,2.9948
2048,42,399,256.0000,52.5000,57.5000,59.8333,169.8333,128.0000,1.3268,171.5000,1.3398,1.3889,3.5000
2048,43,100,256.0000,51.5000,55.0000,53.1667,159.6667,128.0000,1.2474,160.8333,1.2565,1.1504,2.9989
2048,43,175,255.8750,55.3333,54.3333,54.3333,164.0000,127.9375,1.2819,164.5000,1.2858,1.1498,2.9974
2048,43,250,256.0000,53.1667,55.3333,57.3333,165.8333,128.0000,1.2956,166.3333,1.2995,1.1717,3.0028
2048,43,325,256.0000,53.8333,56.0000,55.1667,165.0000,128.0000,1.2891,166.5000,1.3008,1.1366,3.0045
2048,43,399,256.0000,53.6667,55.0000,56.1667,164.8333,128.0000,1.2878,165.3333,1.2917,1.2350,3.0022
2048,44,100,256.0000,51.0000,57.0000,56.0000,164.0000,128.0000,1.2812,164.6667,1.2865,1.2664,3.0013
2048,44,175,255.8750,51.5000,54.5000,55.3333,161.3333,127.9375,1.2610,162.3333,1.2688,1.2121,3.2548
2048,44,250,256.0000,53.1667,55.6667,58.5000,167.3333,128.0000,1.3073,167.5000,1.3086,1.2557,3.0041
2048,44,325,256.0000,51.1667,54.1667,56.6667,162.0000,128.0000,1.2656,162.1667,1.2669,1.2477,3.0039
2048,44,399,256.0000,50.8333,56.0000,56.6667,163.5000,128.0000,1.2773,164.5000,1.2852,1.3266,3.0028
2048,45,100,256.0000,53.1667,60.0000,66.6667,179.8333,128.0000,1.4049,180.6667,1.4115,1.5783,3.2478
2048,45,175,255.8750,52.3333,59.6667,65.1667,177.1667,127.9375,1.3848,180.3333,1.4095,1.5634,2.9998
2048,45,250,256.0000,51.6667,57.8333,68.0000,177.5000,128.0000,1.3867,178.6667,1.3958,1.6429,3.7500
2048,45,325,256.0000,53.5000,60.0000,68.0000,181.5000,128.0000,1.4180,182.0000,1.4219,1.5981,3.0054
2048,45,399,256.0000,56.1667,57.8333,64.3333,178.3333,128.0000,1.3932,180.5000,1.4102,1.5398,3.2502
2048,46,100,256.0000,51.6667,55.5000,60.8333,168.0000,128.0000,1.3125,168.6667,1.3177,1.4617,3.2530
2048,46,175,255.8750,52.8333,56.8333,67.5000,177.1667,127.9375,1.3848,177.8333,1.3900,1.4848,3.0013
2048,46,250,256.0000,52.3333,54.3333,64.0000,170.6667,128.0000,1.3333,172.3333,1.3464,1.4876,2.9991
2048,46,325,256.0000,54.3333,61.3333,71.6667,187.3333,128.0000,1.4635,187.8333,1.4674,1.5927,3.5030
2048,46,399,256.0000,53.5000,56.1667,60.3333,170.0000,128.0000,1.3281,172.0000,1.3438,1.4100,3.2530
2048,47,100,256.0000,56.0000,57.3333,62.1667,175.5000,128.0000,1.3711,178.3333,1.3932,1.4755,3.2484
2048,47,175,255.8750,53.3333,57.6667,62.8333,173.8333,127.9375,1.3587,177.1667,1.3848,1.5283,3.2512
2048,47,250,256.0000,51.3333,54.3333,60.5000,166.1667,128.0000,1.2982,168.6667,1.3177,1.4882,3.0002
2048,47,325,256.0000,53.5000,57.5000,62.6667,173.6667,128.0000,1.3568,174.6667,1.3646,1.4891,3.7526
2048,47,399,256.0000,51.3333,57.5000,63.1667,172.0000,128.0000,1.3438,174.0000,1.3594,1.5034,2.9989
2048,48,100,256.0000,53.3333,60.3333,62.1667,175.8333,128.0000,1.3737,177.6667,1.3880,1.4138,3.5028
2048,48,175,255.8750,53.6667,58.3333,69.0000,181.0000,127.9375,1.4148,181.1667,1.4161,1.5622,3.2474
2048,48,250,256.0000,53.0000,59.1667,61.0000,173.1667,128.0000,1.3529,173.1667,1.3529,1.3735,3.0011
2048,48,325,256.0000,53.6667,57.5000,62.5000,173.6667,128.0000,1.3568,174.8333,1.3659,1.4811,3.0019
2048,48,399,256.0000,53.1667,56.8333,61.6667,171.6667,128.0000,1.3411,172.3333,1.3464,1.2960,3.4957
2048,49,100,256.0000,50.8333,53.3333,55.5000,159.6667,128.0000,1.2474,161.1667,1.2591,1.2015,3.4974
2048,49,175,255.8750,53.3333,56.0000,57.5000,166.8333,127.9375,1.3040,167.0000,1.3053,1.2477,3.2542
2048,49,250,256.0000,50.0000,55.5000,58.3333,163.8333,128.0000,1.2799,164.6667,1.2865,1.2826,3.0020
2048,49,325,256.0000,52.0000,53.8333,56.8333,162.6667,128.0000,1.2708,162.8333,1.2721,1.2691,4.2476
2048,49,399,256.0000,51.6667,54.3333,57.6667,163.6667,128.0000,1.2786,166.1667,1.2982,1.1953,2.9922
2048,50,100,256.0000,52.3333,56.0000,59.3333,167.6667,128.0000,1.3099,169.1667,1.3216,1.3235,2.9957
2048,50,175,255.8750,51.6667,56.1667,64.0000,171.8333,127.9375,1.3431,171.8333,1.3431,1.4856,3.2532
2048,50,250,256.0000,53.0000,54.6667,56.5000,164.1667,128.0000,1.2826,167.8333,1.3112,1.2806,2.9974
2048,50,325,256.0000,52.0000,53.6667,56.3333,162.0000,128.0000,1.2656,163.1667,1.2747,1.3171,2.9993
2048,50,399,256.0000,52.0000,54.0000,57.1667,163.1667,128.0000,1.2747,166.0000,1.2969,1.3356,3.7451
2048,51,100,256.0000,51.5000,52.8333,54.0000,158.3333,128.0000,1.2370,160.3333,1.2526,1.1538,2.7478
2048,51,175,255.8750,51.0000,54.1667,56.3333,161.5000,127.9375,1.2623,162.1667,1.2675,1.1543,3.2599
2048,51,250,256.0000,51.8333,55.1667,54.0000,161.0000,128.0000,1.2578,163.3333,1.2760,1.2025,3.2502
2048,51,325,256.0000,51.0000,55.6667,55.3333,162.0000,128.0000,1.2656,164.8333,1.2878,1.1273,3.0007
2048,51,399,256.0000,51.5000,53.1667,57.8333,162.5000,128.0000,1.2695,164.5000,1.2852,1.1749,3.2508
2048,52,100,256.0000,53.0000,59.1667,79.1667,191.3333,128.0000,1.4948,191.6667,1.4974,2.0768,3.2522
2048,52,175,255.8750,52.5000,62.8333,78.5000,193.8333,127.9375,1.5151,194.8333,1.5229,1.9584,3.0032
2048,52,250,256.0000,53.6667,61.3333,75.0000,190.0000,128.0000,1.4844,192.1667,1.5013,1.8941,3.5024
2048,52,325,256.0000,53.1667,62.8333,81.1667,197.1667,128.0000,1.5404,198.0000,1.5469,2.0431,3.2428
2048,52,399,256.0000,53.8333,60.1667,75.8333,189.8333,128.0000,1.4831,189.8333,1.4831,1.9127,3.2500
2048,53,100,256.0000,53.6667,60.1667,59.1667,173.0000,128.0000,1.3516,174.0000,1.3594,1.4795,3.4985
2048,53,175,255.8750,55.3333,59.8333,60.1667,175.3333,127.9375,1.3705,175.8333,1.3744,1.4024,3.2538
2048,53,250,256.0000,53.8333,60.5000,67.0000,181.3333,128.0000,1.4167,182.6667,1.4271,1.6279,3.5020
2048,53,325,256.0000,53.6667,58.0000,65.1667,176.8333,128.0000,1.3815,181.0000,1.4141,1.6347,3.2496
2048,53,399,256.0000,52.6667,59.0000,68.6667,180.3333,128.0000,1.4089,184.8333,1.4440,1.5911,3.2577
2048,54,100,256.0000,51.8333,58.1667,56.8333,166.8333,128.0000,1.3034,167.8333,1.3112,1.1434,3.2514
2048,54,175,255.8750,53.6667,55.8333,56.8333,166.3333,127.9375,1.3001,166.5000,1.3014,1.2244,3.2559
2048,54,250,256.0000,51.5000,56.3333,57.0000,164.8333,128.0000,1.2878,167.1667,1.3060,1.3301,2.9928
2048,54,325,256.0000,50.8333,55.1667,55.5000,161.5000,128.0000,1.2617,163.1667,1.2747,1.2220,3.2494
2048,54,399,256.0000,52.3333,54.6667,53.0000,160.0000,128.0000,1.2500,161.3333,1.2604,1.1904,2.7498
2048,55,100,256.0000,55.8333,58.0000,69.6667,183.5000,128.0000,1.4336,188.1667,1.4701,1.6740,2.9989
2048,55,175,255.8750,53.3333,58.6667,70.5000,182.5000,127.9375,1.4265,185.1667,1.4473,1.7638,3.7456
2048,55,250,256.0000,52.1667,58.0000,72.0000,182.1667,128.0000,1.4232,182.6667,1.4271,1.5801,3.2514
2048,55,325,256.0000,51.3333,58.6667,67.3333,177.3333,128.0000,1.3854,180.3333,1.4089,1.6871,3.2512
2048,55,399,256.0000,52.5000,57.8333,69.1667,179.5000,128.0000,1.4023,179.6667,1.4036,1.5938,2.9972
2048,56,100,256.0000,52.0000,54.1667,53.6667,159.8333,128.0000,1.2487,161.5000,1.2617,1.1706,3.2498
2048,56,175,255.8750,52.5000,53.0000,56.3333,161.8333,127.9375,1.2649,163.0000,1.2741,1.2333,2.9980
2048,56,250,256.0000,50.8333,55.1667,54.0000,160.0000,128.0000,1.2500,160.8333,1.2565,1.1996,3.2532
2048,56,325,256.0000,52.3333,54.0000,54.0000,160.3333,128.0000,1.2526,161.3333,1.2604,1.1847,2.7550
2048,56,399,256.0000,53.1667,53.0000,53.6667,159.8333,128.0000,1.2487,159.8333,1.2487,1.1631,3.0011
2048,57,100,256.0000,52.1667,56.3333,62.1667,170.6667,128.0000,1.3333,171.8333,1.3424,1.3548,3.0035
2048,57,175,255.8750,51.1667,56.0000,63.8333,171.0000,127.9375,1.3366,175.0000,1.3679,1.4743,2.9961
2048,57,250,256.0000,52.5000,54.3333,57.8333,164.6667,128.0000,1.2865,165.8333,1.2956,1.3002,2.9968
2048,57,325,256.0000,54.1667,56.6667,59.6667,170.5000,128.0000,1.3320,171.8333,1.3424,1.3007,2.9980
2048,57,399,256.0000,53.6667,58.1667,62.3333,174.1667,128.0000,1.3607,176.8333,1.3815,1.3834,3.2464
2048,58,100,256.0000,55.1667,57.0000,70.0000,182.1667,128.0000,1.4232,184.1667,1.4388,1.5288,3.2522
2048,58,175,255.8750,53.5000,56.8333,62.5000,172.8333,127.9375,1.3509,175.1667,1.3692,1.5158,3.2498
2048,58,250,256.0000,51.6667,55.1667,65.5000,172.3333,128.0000,1.3464,172.3333,1.3464,1.5169,3.2522
2048,58,325,256.0000,55.8333,58.0000,67.6667,181.5000,128.0000,1.4180,182.8333,1.4284,1.6210,3.2538
2048,58,399,256.0000,52.3333,54.1667,59.3333,165.8333,128.0000,1.2956,167.8333,1.3112,1.4804,3.2506
2048,59,100,256.0000,53.3333,56.6667,54.6667,164.6667,128.0000,1.2865,164.6667,1.2865,1.1998,3.2538
2048,59,175,255.8750,51.5000,54.3333,57.1667,163.0000,127.9375,1.2741,163.6667,1.2793,1.2414,2.9985
2048,59,250,256.0000,51.8333,53.5000,54.1667,159.5000,128.0000,1.2461,160.8333,1.2565,1.2076,3.2534
2048,59,325,256.0000,54.0000,55.1667,56.1667,165.3333,128.0000,1.2917,166.1667,1.2982,1.2007,3.4950
2048,59,399,256.0000,53.1667,53.5000,54.1667,160.8333,128.0000,1.2565,161.1667,1.2591,1.1941,2.7493
2048,60,100,256.0000,52.3333,57.1667,57.8333,167.3333,128.0000,1.3073,168.6667,1.3177,1.3130,3.2488
2048,60,175,255.8750,53.1667,54.1667,57.3333,164.6667,127.9375,1.2871,166.1667,1.2988,1.1990,3.2516
2048,60,250,256.0000,53.8333,54.3333,58.1667,166.3333,128.0000,1.2995,167.0000,1.3047,1.2485,2.9963
2048,60,325,256.0000,52.1667,56.6667,60.3333,169.1667,128.0000,1.3216,171.5000,1.3398,1.3001,2.9965
2048,60,399,256.0000,50.3333,57.1667,57.0000,164.5000,128.0000,1.2852,165.5000,1.2930,1.2209,3.2464
4096,3,100,512.0000,99.5000,99.3333,98.6667,297.5000,256.0000,1.1621,299.5000,1.1699,1.1013,2.3752
4096,3,175,512.0000,95.6667,101.8333,105.6667,303.1667,256.0000,1.1842,303.6667,1.1862,1.1070,2.8746
4096,3,250,512.0000,100.6667,100.3333,102.3333,303.3333,256.0000,1.1849,304.3333,1.1888,1.1585,2.3746
4096,3,325,512.0000,96.0000,101.5000,102.5000,300.0000,256.0000,1.1719,302.5000,1.1816,1.1322,2.2525
4096,3,399,512.0000,97.1667,102.1667,104.5000,303.8333,256.0000,1.1868,304.1667,1.1882,1.1358,2.4976
4096,4,100,512.0000,98.0000,100.3333,101.1667,299.5000,256.0000,1.1699,301.1667,1.1764,1.1069,2.6244
4096,4,175,512.0000,101.1667,103.1667,108.0000,312.3333,256.0000,1.2201,312.3333,1.2201,1.1110,2.6247
4096,4,250,512.0000,99.0000,100.0000,104.1667,303.1667,256.0000,1.1842,306.0000,1.1953,1.1247,2.2494
4096,4,325,512.0000,97.0000,101.6667,101.8333,300.5000,256.0000,1.1738,301.6667,1.1784,1.1487,2.3749
4096,4,399,512.0000,97.6667,101.3333,103.0000,302.0000,256.0000,1.1797,302.5000,1.1816,1.1360,2.2483
4096,5,100,512.0000,98.3333,101.5000,102.1667,302.0000,256.0000,1.1797,304.0000,1.1875,1.0790,2.3786
4096,5,175,512.0000,99.1667,101.1667,107.1667,307.5000,256.0000,1.2012,309.6667,1.2096,1.1644,2.3744
4096,5,250,512.0000,98.0000,103.5000,103.8333,305.3333,256.0000,1.1927,305.5000,1.1934,1.1336,2.4970
4096,5,325,512.0000,97.8333,106.5000,101.6667,306.0000,256.0000,1.1953,306.3333,1.1966,1.1253,2.3757
4096,5,399,512.0000,96.6667,103.3333,102.3333,302.3333,256.0000,1.1810,303.6667,1.1862,1.1400,2.3773
4096,6,100,512.0000,101.5000,106.8333,104.0000,312.3333,256.0000,1.2201,317.0000,1.2383,1.1853,2.7473
4096,6,175,512.0000,99.3333,103.5000,106.3333,309.1667,256.0000,1.2077,310.8333,1.2142,1.2362,2.2502
4096,6,250,512.0000,97.1667,104.1667,110.6667,312.0000,256.0000,1.2188,312.5000,1.2207,1.2459,2.6248
4096,6,325,512.0000,99.6667,106.8333,110.0000,316.5000,256.0000,1.2363,318.3333,1.2435,1.2908,2.3734
4096,6,399,512.0000,98.6667,105.1667,109.6667,313.5000,256.0000,1.2246,316.5000,1.2363,1.2788,2.6270
4096,7,100,512.0000,97.8333,113.8333,145.8333,357.5000,256.0000,1.3965,360.8333,1.4095,1.8874,2.8757
4096,7,175,512.0000,102.1667,116.0000,150.6667,368.8333,256.0000,1.4408,369.5000,1.4434,1.8892,3.0005
4096,7,250,512.0000,98.5000,120.8333,157.3333,376.6667,256.0000,1.4714,377.5000,1.4746,1.9339,3.3773
4096,7,325,512.0000,99.3333,119.0000,160.8333,379.1667,256.0000,1.4811,379.1667,1.4811,1.9032,2.8786
4096,7,399,512.0000,100.5000,115.0000,153.5000,369.0000,256.0000,1.4414,369.8333,1.4447,1.9134,2.9980
4096,8,100,512.0000,107.6667,131.8333,235.3333,474.8333,256.0000,1.8548,480.3333,1.8763,3.1694,4.3761
4096,8,175,512.0000,100.8333,131.6667,225.6667,458.1667,256.0000,1.7897,462.1667,1.8053,3.0912,4.4941
4096,8,250,512.0000,106.0000,136.6667,232.6667,475.3333,256.0000,1.8568,478.5000,1.8691,3.1791,4.3757
4096,8,325,512.0000,107.0000,135.8333,234.5000,477.3333,256.0000,1.8646,480.5000,1.8770,3.2334,4.3768
4096,8,399,512.0000,108.1667,133.5000,238.1667,479.8333,256.0000,1.8743,482.1667,1.8835,3.2491,4.5015
4096,9,100,512.0000,99.1667,103.0000,103.3333,305.5000,256.0000,1.1934,309.0000,1.2070,1.1512,2.2547
4096,9,175,512.0000,99.8333,107.3333,109.5000,316.6667,256.0000,1.2370,320.1667,1.2507,1.1897,2.3735
4096,9,250,512.0000,98.0000,102.5000,107.3333,307.8333,256.0000,1.2025,310.1667,1.2116,1.2316,2.2490
4096,9,325,512.0000,101.8333,102.6667,104.6667,309.1667,256.0000,1.2077,312.1667,1.2194,1.1472,2.3757
4096,9,399,512.0000,99.0000,104.0000,108.8333,311.8333,256.0000,1.2181,313.3333,1.2240,1.2385,2.5008
4096,10,100,512.0000,100.0000,108.3333,128.8333,337.1667,256.0000,1.3171,337.1667,1.3171,1.5516,2.8787
4096,10,175,512.0000,105.1667,110.1667,128.3333,343.6667,256.0000,1.3424,348.5000,1.3613,1.5267,3.2477
4096,10,250,512.0000,101.1667,108.3333,117.6667,327.1667,256.0000,1.2780,327.1667,1.2780,1.4021,2.6275
4096,10,325,512.0000,102.0000,109.1667,129.8333,341.0000,256.0000,1.3320,341.0000,1.3320,1.4348,2.6256
4096,10,399,512.0000,101.5000,107.8333,121.1667,330.5000,256.0000,1.2910,330.8333,1.2923,1.4625,2.7503
4096,11,100,512.0000,96.6667,107.6667,111.3333,315.6667,256.0000,1.2331,317.1667,1.2389,1.2721,2.3755
4096,11,175,512.0000,99.5000,109.3333,122.6667,331.5000,256.0000,1.2949,333.8333,1.3040,1.4120,2.4988
4096,11,250,512.0000,103.8333,105.0000,113.6667,322.5000,256.0000,1.2598,322.5000,1.2598,1.2942,2.8762
4096,11,325,512.0000,100.3333,107.0000,111.3333,318.6667,256.0000,1.2448,320.8333,1.2533,1.2693,2.3777
4096,11,399,512.0000,100.5000,106.5000,116.3333,323.3333,256.0000,1.2630,325.3333,1.2708,1.2937,2.5002
4096,12,100,512.0000,97.3333,101.1667,105.5000,304.0000,256.0000,1.1875,306.0000,1.1953,1.2049,2.3761
4096,12,175,512.0000,98.5000,102.3333,103.0000,303.8333,256.0000,1.1868,306.1667,1.1960,1.1804,2.6246
4096,12,250,512.0000,98.8333,103.8333,105.8333,308.5000,256.0000,1.2051,312.1667,1.2194,1.1951,2.3763
4096,12,325,512.0000,98.6667,107.0000,105.6667,311.3333,256.0000,1.2161,311.3333,1.2161,1.1530,2.3754
4096,12,399,512.0000,99.5000,102.6667,106.8333,309.0000,256.0000,1.2070,312.6667,1.2214,1.2257,2.4991
4096,13,100,512.0000,98.5000,101.6667,105.3333,305.5000,256.0000,1.1934,307.0000,1.1992,1.1788,2.3754
4096,13,175,512.0000,100.1667,104.1667,106.1667,310.5000,256.0000,1.2129,311.6667,1.2174,1.2134,2.4982
4096,13,250,512.0000,99.6667,103.1667,105.0000,307.8333,256.0000,1.2025,312.6667,1.2214,1.2033,2.5019
4096,13,325,512.0000,97.6667,103.8333,107.6667,309.1667,256.0000,1.2077,310.8333,1.2142,1.1445,2.3743
4096,13,399,512.0000,97.1667,101.8333,107.6667,306.6667,256.0000,1.1979,308.0000,1.2031,1.2224,2.6255
4096,14,100,512.0000,102.6667,114.3333,154.3333,371.3333,256.0000,1.4505,373.5000,1.4590,1.9953,2.8739
4096,14,175,512.0000,103.1667,116.5000,159.3333,379.0000,256.0000,1.4805,382.0000,1.4922,2.0127,3.1232
4096,14,250,512.0000,102.6667,115.6667,155.8333,374.1667,256.0000,1.4616,374.1667,1.4616,1.9242,3.3743
4096,14,325,512.0000,103.8333,116.3333,148.8333,369.0000,256.0000,1.4414,372.5000,1.4551,1.8951,2.9973
4096,14,399,512.0000,103.3333,115.6667,159.8333,378.8333,256.0000,1.4798,387.1667,1.5124,1.9971,3.0016
4096,15,100,512.0000,105.8333,114.5000,130.3333,350.6667,256.0000,1.3698,351.5000,1.3730,1.4807,3.2512
4096,15,175,512.0000,102.3333,115.1667,133.6667,351.1667,256.0000,1.3717,352.8333,1.3783,1.5550,2.7491
4096,15,250,512.0000,104.6667,114.5000,134.1667,353.3333,256.0000,1.3802,353.3333,1.3802,1.5548,2.4988
4096,15,325,512.0000,102.0000,110.3333,128.1667,340.5000,256.0000,1.3301,342.1667,1.3366,1.4955,2.7491
4096,15,399,512.0000,105.6667,112.8333,132.6667,351.1667,256.0000,1.3717,355.3333,1.3880,1.5480,2.6223
4096,16,100,512.0000,106.1667,123.6667,143.8333,373.6667,256.0000,1.4596,374.8333,1.4642,1.7477,2.7463
4096,16,175,512.0000,106.6667,122.6667,143.6667,373.0000,256.0000,1.4570,376.5000,1.4707,1.7137,3.0025
4096,16,250,512.0000,106.0000,123.8333,148.0000,377.8333,256.0000,1.4759,377.8333,1.4759,1.7142,2.7499
4096,16,325,512.0000,104.5000,121.3333,156.6667,382.5000,256.0000,1.4941,384.0000,1.5000,1.7608,3.0016
4096,16,399,512.0000,104.8333,125.0000,147.3333,377.1667,256.0000,1.4733,381.0000,1.4883,1.7305,3.0007
4096,17,100,512.0000,106.0000,139.6667,258.3333,504.0000,256.0000,1.9688,515.0000,2.0117,3.6417,4.7510
4096,17,175,512.0000,106.6667,140.3333,268.5000,515.5000,256.0000,2.0137,517.1667,2.0202,3.7546,4.9955
4096,17,250,512.0000,108.6667,138.0000,257.6667,504.3333,256.0000,1.9701,507.3333,1.9818,3.6348,4.8748
4096,17,325,512.0000,103.3333,141.6667,261.6667,506.6667,256.0000,1.9792,506.6667,1.9792,3.6888,5.0005
4096,17,399,512.0000,102.5000,142.8333,269.1667,514.5000,256.0000,2.0098,517.6667,2.0221,3.6383,4.6267
4096,18,100,512.0000,98.3333,101.6667,108.0000,308.0000,256.0000,1.2031,309.1667,1.2077,1.1454,2.6264
4096,18,175,512.0000,97.5000,100.6667,104.6667,302.8333,256.0000,1.1829,305.6667,1.1940,1.1026,2.3780
4096,18,250,512.0000,98.8333,102.3333,106.8333,308.0000,256.0000,1.2031,308.5000,1.2051,1.1259,2.3728
4096,18,325,512.0000,98.8333,107.3333,102.3333,308.5000,256.0000,1.2051,309.3333,1.2083,1.1447,2.3746
4096,18,399,512.0000,96.8333,98.8333,104.0000,299.6667,256.0000,1.1706,301.1667,1.1764,1.1152,2.3710
4096,19,100,512.0000,101.3333,113.3333,115.6667,330.3333,256.0000,1.2904,332.0000,1.2969,1.3437,2.2507
4096,19,175,512.0000,97.5000,114.6667,123.0000,335.1667,256.0000,1.3092,337.8333,1.3197,1.4192,2.3759
4096,19,250,512.0000,101.5000,107.3333,116.3333,325.1667,256.0000,1.2702,325.6667,1.2721,1.3488,2.3743
4096,19,325,512.0000,99.6667,103.6667,118.3333,321.6667,256.0000,1.2565,323.6667,1.2643,1.3137,2.3754
4096,19,399,512.0000,98.3333,111.3333,126.1667,335.8333,256.0000,1.3118,343.3333,1.3411,1.4670,2.7476
4096,20,100,512.0000,106.6667,122.5000,158.1667,387.3333,256.0000,1.5130,389.6667,1.5221,1.9670,2.8732
4096,20,175,512.0000,103.6667,124.0000,156.8333,384.5000,256.0000,1.5020,391.5000,1.5293,1.9914,3.1240
4096,20,250,512.0000,103.3333,119.8333,149.8333,373.0000,256.0000,1.4570,374.1667,1.4616,1.9235,2.8734
4096,20,325,512.0000,102.6667,125.0000,155.6667,383.3333,256.0000,1.4974,387.1667,1.5124,1.9521,3.1245
4096,20,399,512.0000,105.0000,120.1667,155.5000,380.6667,256.0000,1.4870,382.0000,1.4922,2.0038,2.8747
4096,21,100,512.0000,99.8333,107.6667,122.5000,330.0000,256.0000,1.2891,330.0000,1.2891,1.5298,3.1211
4096,21,175,512.0000,100.5000,110.6667,133.6667,344.8333,256.0000,1.3470,351.3333,1.3724,1.6425,2.6275
4096,21,250,512.0000,101.1667,105.3333,123.0000,329.5000,256.0000,1.2871,333.3333,1.3021,1.4700,2.3778
4096,21,325,512.0000,101.3333,110.8333,135.5000,347.6667,256.0000,1.3581,349.5000,1.3652,1.7020,2.8777
4096,21,399,512.0000,103.5000,107.8333,126.8333,338.1667,256.0000,1.3210,342.6667,1.3385,1.5545,3.1269
4096,22,100,512.0000,106.6667,125.5000,179.0000,411.1667,256.0000,1.6061,421.6667,1.6471,2.1571,3.4973
4096,22,175,512.0000,108.0000,128.1667,168.8333,405.0000,256.0000,1.5820,405.0000,1.5820,2.2046,3.5004
4096,22,250,512.0000,107.8333,127.3333,171.1667,406.3333,256.0000,1.5872,409.1667,1.5983,2.1540,3.0018
4096,22,325,512.0000,108.1667,123.3333,173.1667,404.6667,256.0000,1.5807,408.1667,1.5944,2.1128,3.3745
4096,22,399,512.0000,106.0000,125.0000,167.6667,398.6667,256.0000,1.5573,399.8333,1.5618,2.0767,3.5023
4096,23,100,512.0000,107.1667,118.8333,156.5000,382.5000,256.0000,1.4941,386.0000,1.5078,2.0499,3.1225
4096,23,175,512.0000,103.6667,125.8333,172.3333,401.8333,256.0000,1.5697,410.5000,1.6035,2.2200,3.3747
4096,23,250,512.0000,104.6667,126.0000,157.5000,388.1667,256.0000,1.5163,391.1667,1.5280,2.0325,2.9982
4096,23,325,512.0000,106.0000,121.8333,155.0000,382.8333,256.0000,1.4954,388.3333,1.5169,2.0567,3.4986
4096,23,399,512.0000,102.6667,117.6667,162.3333,382.6667,256.0000,1.4948,384.1667,1.5007,2.0420,3.1256
4096,24,100,512.0000,106.0000,131.6667,172.6667,410.3333,256.0000,1.6029,412.0000,1.6094,2.1275,3.5009
4096,24,175,512.0000,104.3333,138.0000,171.3333,413.6667,256.0000,1.6159,420.1667,1.6413,2.0931,3.3747
4096,24,250,512.0000,102.3333,133.1667,170.3333,405.8333,256.0000,1.5853,406.3333,1.5872,1.9948,2.8790
4096,24,325,512.0000,106.1667,128.0000,176.6667,410.8333,256.0000,1.6048,412.6667,1.6120,2.1062,3.6268
4096,24,399,512.0000,106.3333,135.5000,167.5000,409.3333,256.0000,1.5990,410.3333,1.6029,2.0412,3.1243
4096,25,100,512.0000,100.8333,113.0000,131.6667,345.5000,256.0000,1.3496,346.1667,1.3522,1.6164,2.8774
4096,25,175,512.0000,101.3333,111.6667,132.5000,345.5000,256.0000,1.3496,354.0000,1.3828,1.5878,2.8760
4096,25,250,512.0000,101.6667,112.3333,127.5000,341.5000,256.0000,1.3340,342.3333,1.3372,1.5360,2.6255
4096,25,325,512.0000,101.3333,115.3333,125.3333,342.0000,256.0000,1.3359,347.8333,1.3587,1.5533,2.6246
4096,25,399,512.0000,104.0000,112.5000,132.0000,348.5000,256.0000,1.3613,359.0000,1.4023,1.5764,2.6233
4096,26,100,512.0000,101.5000,108.0000,108.6667,318.1667,256.0000,1.2428,318.1667,1.2428,1.2100,2.3783
4096,26,175,512.0000,100.5000,105.5000,106.1667,312.1667,256.0000,1.2194,312.5000,1.2207,1.2164,2.5003
4096,26,250,512.0000,103.3333,107.8333,108.0000,319.1667,256.0000,1.2467,322.6667,1.2604,1.2018,2.7486
4096,26,325,512.0000,100.3333,106.3333,109.6667,316.3333,256.0000,1.2357,317.0000,1.2383,1.2111,2.3766
4096,26,399,512.0000,100.8333,105.6667,109.3333,315.8333,256.0000,1.2337,320.0000,1.2500,1.1895,2.5022
4096,27,100,512.0000,101.5000,128.8333,190.3333,420.6667,256.0000,1.6432,427.3333,1.6693,2.5859,3.6231
4096,27,175,512.0000,102.3333,126.5000,190.0000,418.8333,256.0000,1.6361,419.5000,1.6387,2.5633,3.6247
4096,27,250,512.0000,100.6667,131.0000,186.8333,418.5000,256.0000,1.6348,425.0000,1.6602,2.4606,3.5004
4096,27,325,512.0000,103.6667,126.6667,192.6667,423.0000,256.0000,1.6523,428.5000,1.6738,2.5914,3.8751
4096,27,399,512.0000,103.3333,123.8333,191.1667,418.3333,256.0000,1.6341,419.0000,1.6367,2.5168,3.3736
4096,28,100,512.0000,108.0000,143.0000,238.5000,489.5000,256.0000,1.9121,496.0000,1.9375,3.1094,4.5032
4096,28,175,512.0000,106.3333,138.6667,233.8333,478.8333,256.0000,1.8704,485.6667,1.8971,3.1771,4.4979
4096,28,250,512.0000,105.8333,135.5000,229.6667,471.0000,256.0000,1.8398,471.1667,1.8405,3.0229,4.0014
4096,28,325,512.0000,107.0000,138.6667,219.6667,465.3333,256.0000,1.8177,469.3333,1.8333,3.0124,4.1256
4096,28,399,512.0000,104.6667,142.8333,225.0000,472.5000,256.0000,1.8457,474.3333,1.8529,3.0773,4.4941
4096,29,100,512.0000,103.3333,128.6667,201.5000,433.5000,256.0000,1.6934,436.1667,1.7038,2.7571,3.8767
4096,29,175,512.0000,103.8333,130.0000,208.8333,442.6667,256.0000,1.7292,447.3333,1.7474,2.8138,3.8755
4096,29,250,512.0000,105.6667,128.6667,193.1667,427.5000,256.0000,1.6699,427.5000,1.6699,2.6046,3.6270
4096,29,325,512.0000,106.8333,131.8333,211.8333,450.5000,256.0000,1.7598,450.5000,1.7598,2.8039,3.8810
4096,29,399,512.0000,103.5000,134.1667,204.0000,441.6667,256.0000,1.7253,446.5000,1.7441,2.6820,3.9993
4096,30,100,512.0000,97.6667,107.6667,125.5000,330.8333,256.0000,1.2923,330.8333,1.2923,1.5625,2.6233
4096,30,175,512.0000,100.3333,111.1667,135.8333,347.3333,256.0000,1.3568,348.5000,1.3613,1.6468,2.8750
4096,30,250,512.0000,102.8333,111.1667,120.1667,334.1667,256.0000,1.3053,341.8333,1.3353,1.5160,2.6218
4096,30,325,512.0000,98.8333,114.0000,129.8333,342.6667,256.0000,1.3385,348.8333,1.3626,1.6286,2.6244
4096,30,399,512.0000,102.5000,109.5000,130.5000,342.5000,256.0000,1.3379,346.8333,1.3548,1.6234,2.5005
4096,31,100,512.0000,102.3333,104.5000,109.3333,316.1667,256.0000,1.2350,318.5000,1.2441,1.2463,2.5005
4096,31,175,512.0000,97.5000,102.0000,108.0000,307.5000,256.0000,1.2012,309.1667,1.2077,1.2639,2.5001
4096,31,250,512.0000,98.3333,102.3333,108.3333,309.0000,256.0000,1.2070,312.3333,1.2201,1.2260,2.3746
4096,31,325,512.0000,98.5000,106.0000,106.6667,311.1667,256.0000,1.2155,314.0000,1.2266,1.1991,2.3764
4096,31,399,512.0000,98.0000,107.3333,106.5000,311.8333,256.0000,1.2181,315.1667,1.2311,1.1892,2.3763
4096,32,100,512.0000,105.5000,123.5000,138.0000,367.0000,256.0000,1.4336,369.8333,1.4447,1.7353,2.7487
4096,32,175,512.0000,104.3333,117.6667,137.8333,359.8333,256.0000,1.4056,368.6667,1.4401,1.6682,3.2492
4096,32,250,512.0000,106.0000,117.8333,133.1667,357.0000,256.0000,1.3945,357.0000,1.3945,1.5934,2.5002
4096,32,325,512.0000,104.1667,119.0000,134.6667,357.8333,256.0000,1.3978,360.5000,1.4082,1.6306,2.4964
4096,32,399,512.0000,107.5000,117.3333,138.5000,363.3333,256.0000,1.4193,363.5000,1.4199,1.6682,2.6243
4096,33,100,512.0000,100.0000,108.5000,116.8333,325.3333,256.0000,1.2708,328.5000,1.2832,1.3753,2.3754
4096,33,175,512.0000,102.8333,106.3333,121.0000,330.1667,256.0000,1.2897,332.3333,1.2982,1.3904,2.4992
4096,33,250,512.0000,99.8333,111.6667,118.8333,330.3333,256.0000,1.2904,333.1667,1.3014,1.4194,2.3763
4096,33,325,512.0000,99.1667,110.0000,120.6667,329.8333,256.0000,1.2884,329.8333,1.2884,1.3801,2.5021
4096,33,399,512.0000,100.1667,109.3333,126.6667,336.1667,256.0000,1.3132,341.5000,1.3340,1.4772,2.5016
4096,34,100,512.0000,106.0000,115.0000,138.5000,359.5000,256.0000,1.4043,359.5000,1.4043,1.6100,2.7515
4096,34,175,512.0000,104.3333,122.0000,139.3333,365.6667,256.0000,1.4284,367.6667,1.4362,1.5969,2.4995
4096,34,250,512.0000,103.1667,117.8333,132.8333,353.8333,256.0000,1.3822,354.0000,1.3828,1.5807,2.5022
4096,34,325,512.0000,101.6667,117.5000,143.6667,362.8333,256.0000,1.4173,362.8333,1.4173,1.6214,2.7507
4096,34,399,512.0000,102.8333,124.1667,134.8333,361.8333,256.0000,1.4134,368.8333,1.4408,1.6463,3.2489
4096,35,100,512.0000,99.5000,103.3333,105.8333,308.6667,256.0000,1.2057,310.6667,1.2135,1.2763,2.3760
4096,35,175,512.0000,96.6667,100.5000,109.0000,306.1667,256.0000,1.1960,308.3333,1.2044,1.2438,2.3746
4096,35,250,512.0000,98.3333,102.3333,105.5000,306.1667,256.0000,1.1960,306.5000,1.1973,1.2004,2.5000
4096,35,325,512.0000,98.3333,106.8333,119.5000,324.6667,256.0000,1.2682,325.3333,1.2708,1.2574,2.6279
4096,35,399,512.0000,100.0000,110.0000,109.6667,319.6667,256.0000,1.2487,321.3333,1.2552,1.2817,2.4999
4096,36,100,512.0000,102.0000,116.0000,137.0000,355.0000,256.0000,1.3867,355.0000,1.3867,1.5316,2.4965
4096,36,175,512.0000,101.8333,117.3333,136.0000,355.1667,256.0000,1.3874,361.3333,1.4115,1.5725,3.1271
4096,36,250,512.0000,102.0000,115.5000,125.6667,343.1667,256.0000,1.3405,343.1667,1.3405,1.4627,2.3757
4096,36,325,512.0000,102.8333,120.1667,137.3333,360.3333,256.0000,1.4076,362.3333,1.4154,1.5466,3.1269
4096,36,399,512.0000,99.8333,115.6667,133.6667,349.1667,256.0000,1.3639,351.0000,1.3711,1.5553,2.4996
4096,37,100,512.0000,102.1667,110.3333,109.8333,322.3333,256.0000,1.2591,323.0000,1.2617,1.1738,2.4984
4096,37,175,512.0000,99.6667,107.8333,115.6667,323.1667,256.0000,1.2624,324.5000,1.2676,1.3018,2.5005
4096,37,250,512.0000,101.5000,109.8333,109.1667,320.5000,256.0000,1.2520,321.0000,1.2539,1.2422,2.3752
4096,37,325,512.0000,105.3333,106.6667,110.0000,322.0000,256.0000,1.2578,324.8333,1.2689,1.1872,2.6265
4096,37,399,512.0000,99.0000,114.6667,114.0000,327.6667,256.0000,1.2799,328.0000,1.2812,1.2920,2.2506
4096,38,100,512.0000,109.1667,132.0000,193.8333,435.0000,256.0000,1.6992,437.1667,1.7077,2.4962,3.5002
4096,38,175,512.0000,103.8333,131.0000,201.5000,436.3333,256.0000,1.7044,438.1667,1.7116,2.6442,3.9990
4096,38,250,512.0000,107.0000,129.6667,187.8333,424.5000,256.0000,1.6582,424.5000,1.6582,2.4709,3.6288
4096,38,325,512.0000,107.8333,136.1667,199.1667,443.1667,256.0000,1.7311,443.1667,1.7311,2.5687,3.7576
4096,38,399,512.0000,105.5000,130.6667,186.8333,423.0000,256.0000,1.6523,427.3333,1.6693,2.4376,3.6267
4096,39,100,512.0000,100.1667,117.5000,136.6667,354.3333,256.0000,1.3841,354.8333,1.3861,1.5115,2.3744
4096,39,175,512.0000,101.1667,122.5000,138.3333,362.0000,256.0000,1.4141,362.6667,1.4167,1.5721,2.5011
4096,39,250,512.0000,103.1667,113.6667,129.3333,346.1667,256.0000,1.3522,346.1667,1.3522,1.4736,2.6239
4096,39,325,512.0000,101.5000,116.8333,130.3333,348.6667,256.0000,1.3620,348.6667,1.3620,1.5261,2.6289
4096,39,399,512.0000,101.6667,120.8333,139.8333,362.3333,256.0000,1.4154,362.3333,1.4154,1.6292,2.9968
4096,40,100,512.0000,101.8333,105.6667,106.3333,313.8333,256.0000,1.2259,317.1667,1.2389,1.2349,2.3765
4096,40,175,512.0000,101.8333,101.5000,106.6667,310.0000,256.0000,1.2109,311.5000,1.2168,1.2555,2.3741
4096,40,250,512.0000,101.3333,102.6667,110.1667,314.1667,256.0000,1.2272,315.6667,1.2331,1.1673,2.3724
4096,40,325,512.0000,100.3333,106.0000,108.8333,315.1667,256.0000,1.2311,315.5000,1.2324,1.2582,2.6256
4096,40,399,512.0000,102.1667,105.8333,112.0000,320.0000,256.0000,1.2500,321.0000,1.2539,1.2155,2.5026
4096,41,100,512.0000,97.3333,103.6667,107.6667,308.6667,256.0000,1.2057,311.0000,1.2148,1.2040,2.4992
4096,41,175,512.0000,99.1667,104.0000,113.8333,317.0000,256.0000,1.2383,321.8333,1.2572,1.3066,2.3732
4096,41,250,512.0000,97.6667,100.0000,106.6667,304.3333,256.0000,1.1888,307.6667,1.2018,1.1820,2.6238
4096,41,325,512.0000,99.1667,107.3333,112.1667,318.6667,256.0000,1.2448,319.8333,1.2493,1.2178,2.3742
4096,41,399,512.0000,97.1667,103.6667,106.5000,307.3333,256.0000,1.2005,308.6667,1.2057,1.2011,2.6266
4096,42,100,512.0000,97.8333,104.5000,115.6667,318.0000,256.0000,1.2422,321.5000,1.2559,1.3435,2.5004
4096,42,175,512.0000,99.8333,114.3333,118.0000,332.1667,256.0000,1.2975,333.6667,1.3034,1.4180,2.3739
4096,42,250,512.0000,99.1667,107.3333,114.0000,320.5000,256.0000,1.2520,322.1667,1.2585,1.3224,2.2517
4096,42,325,512.0000,101.5000,109.0000,115.0000,325.5000,256.0000,1.2715,325.5000,1.2715,1.3567,2.4991
4096,42,399,512.0000,100.6667,108.6667,120.6667,330.0000,256.0000,1.2891,334.1667,1.3053,1.3770,2.5000
4096,43,100,512.0000,99.5000,103.1667,104.6667,307.3333,256.0000,1.2005,308.3333,1.2044,1.1847,2.3754
4096,43,175,512.0000,100.0000,104.1667,103.1667,307.3333,256.0000,1.2005,308.0000,1.2031,1.1476,2.3765
4096,43,250,512.0000,98.0000,103.0000,105.5000,306.5000,256.0000,1.1973,307.5000,1.2012,1.1310,2.5002
4096,43,325,512.0000,99.0000,104.8333,103.3333,307.1667,256.0000,1.1999,308.5000,1.2051,1.1425,2.7492
4096,43,399,512.0000,97.5000,100.6667,105.6667,303.8333,256.0000,1.1868,305.1667,1.1921,1.1512,2.5009
4096,44,100,512.0000,97.6667,103.3333,116.0000,317.0000,256.0000,1.2383,320.1667,1.2507,1.3475,2.5005
4096,44,175,512.0000,99.3333,106.5000,123.1667,329.0000,256.0000,1.2852,330.3333,1.2904,1.3803,2.4988
4096,44,250,512.0000,97.5000,106.3333,115.1667,319.0000,256.0000,1.2461,319.0000,1.2461,1.3682,2.2485
4096,44,325,512.0000,98.1667,105.1667,109.8333,313.1667,256.0000,1.2233,315.0000,1.2305,1.2726,2.3764
4096,44,399,512.0000,99.8333,104.0000,113.1667,317.0000,256.0000,1.2383,320.8333,1.2533,1.2953,2.4994
4096,45,100,512.0000,100.5000,113.1667,140.0000,353.6667,256.0000,1.3815,353.8333,1.3822,1.6227,2.6245
4096,45,175,512.0000,101.0000,112.8333,139.3333,353.1667,256.0000,1.3796,353.1667,1.3796,1.5869,2.4994
4096,45,250,512.0000,100.5000,111.8333,136.6667,349.0000,256.0000,1.3633,350.1667,1.3678,1.6144,2.4990
4096,45,325,512.0000,98.0000,114.5000,134.8333,347.3333,256.0000,1.3568,351.5000,1.3730,1.7040,2.6275
4096,45,399,512.0000,97.8333,110.1667,131.3333,339.3333,256.0000,1.3255,341.8333,1.3353,1.6024,2.4957
4096,46,100,512.0000,98.6667,110.8333,126.8333,336.3333,256.0000,1.3138,338.3333,1.3216,1.5361,2.4974
4096,46,175,512.0000,99.6667,111.0000,127.8333,338.5000,256.0000,1.3223,339.8333,1.3275,1.5173,2.8739
4096,46,250,512.0000,100.8333,108.1667,125.1667,334.1667,256.0000,1.3053,335.5000,1.3105,1.5026,2.3728
4096,46,325,512.0000,98.6667,110.3333,131.5000,340.5000,256.0000,1.3301,341.5000,1.3340,1.5802,2.6230
4096,46,399,512.0000,102.1667,109.8333,127.8333,339.8333,256.0000,1.3275,342.6667,1.3385,1.5853,2.3750
4096,47,100,512.0000,102.5000,113.0000,125.1667,340.6667,256.0000,1.3307,343.3333,1.3411,1.4966,2.5010
4096,47,175,512.0000,99.5000,109.0000,128.8333,337.3333,256.0000,1.3177,340.6667,1.3307,1.5225,2.7513
4096,47,250,512.0000,99.5000,110.5000,117.8333,327.8333,256.0000,1.2806,331.3333,1.2943,1.4298,2.4988
4096,47,325,512.0000,100.8333,110.0000,126.6667,337.5000,256.0000,1.3184,339.3333,1.3255,1.5231,2.3739
4096,47,399,512.0000,99.5000,106.6667,128.6667,334.8333,256.0000,1.3079,335.0000,1.3086,1.5784,2.4985
4096,48,100,512.0000,99.6667,109.6667,129.8333,339.1667,256.0000,1.3249,339.5000,1.3262,1.4966,2.5009
4096,48,175,512.0000,99.3333,110.0000,119.0000,328.3333,256.0000,1.2826,330.6667,1.2917,1.3852,2.3755
4096,48,250,512.0000,100.0000,109.3333,115.8333,325.1667,256.0000,1.2702,326.3333,1.2747,1.3481,2.3765
4096,48,325,512.0000,102.5000,107.8333,119.0000,329.3333,256.0000,1.2865,337.1667,1.3171,1.4055,2.7514
4096,48,399,512.0000,99.5000,110.6667,124.3333,334.5000,256.0000,1.3066,334.6667,1.3073,1.4188,2.6253
4096,49,100,512.0000,98.5000,101.3333,110.8333,310.6667,256.0000,1.2135,314.5000,1.2285,1.2814,2.4994
4096,49,175,512.0000,98.3333,104.8333,114.0000,317.1667,256.0000,1.2389,317.8333,1.2415,1.2713,2.4990
4096,49,250,512.0000,98.8333,105.0000,106.3333,310.1667,256.0000,1.2116,311.0000,1.2148,1.2150,2.5015
4096,49,325,512.0000,100.6667,103.3333,107.3333,311.3333,256.0000,1.2161,312.3333,1.2201,1.1895,2.6271
4096,49,399,512.0000,98.5000,106.5000,113.6667,318.6667,256.0000,1.2448,322.1667,1.2585,1.2906,2.3767
4096,50,100,512.0000,99.8333,104.6667,110.3333,314.8333,256.0000,1.2298,317.5000,1.2402,1.2537,2.6245
4096,50,175,512.0000,98.5000,106.6667,113.6667,318.8333,256.0000,1.2454,318.8333,1.2454,1.3640,2.5017
4096,50,250,512.0000,99.6667,103.6667,109.3333,312.6667,256.0000,1.2214,314.0000,1.2266,1.2816,2.3747
4096,50,325,512.0000,104.1667,103.6667,109.3333,317.1667,256.0000,1.2389,317.1667,1.2389,1.2380,2.3748
4096,50,399,512.0000,98.5000,103.8333,112.6667,315.0000,256.0000,1.2305,318.6667,1.2448,1.3169,2.4990
4096,51,100,512.0000,102.0000,105.3333,104.0000,311.3333,256.0000,1.2161,313.6667,1.2253,1.1327,2.2495
4096,51,175,512.0000,100.6667,102.3333,102.6667,305.6667,256.0000,1.1940,307.3333,1.2005,1.0703,2.3725
4096,51,250,512.0000,96.5000,99.8333,101.3333,297.6667,256.0000,1.1628,298.6667,1.1667,1.1178,2.2515
4096,51,325,512.0000,100.5000,102.8333,107.3333,310.6667,256.0000,1.2135,311.6667,1.2174,1.1304,2.4987
4096,51,399,512.0000,100.6667,101.3333,103.3333,305.3333,256.0000,1.1927,307.3333,1.2005,1.1374,2.6261
4096,52,100,512.0000,98.0000,109.3333,150.5000,357.8333,256.0000,1.3978,360.3333,1.4076,1.9500,2.7494
4096,52,175,512.0000,99.8333,112.3333,155.8333,368.0000,256.0000,1.4375,370.5000,1.4473,2.0073,2.9961
4096,52,250,512.0000,101.0000,114.3333,149.1667,364.5000,256.0000,1.4238,369.3333,1.4427,1.9311,2.6230
4096,52,325,512.0000,99.8333,114.0000,152.8333,366.6667,256.0000,1.4323,370.6667,1.4479,1.9779,2.8746
4096,52,399,512.0000,102.1667,115.8333,157.0000,375.0000,256.0000,1.4648,377.8333,1.4759,2.0018,2.9967
4096,53,100,512.0000,96.6667,105.8333,127.8333,330.3333,256.0000,1.2904,335.5000,1.3105,1.5124,2.4975
4096,53,175,512.0000,99.8333,108.0000,130.5000,338.3333,256.0000,1.3216,340.5000,1.3301,1.5718,2.4974
4096,53,250,512.0000,101.3333,105.0000,120.8333,327.1667,256.0000,1.2780,332.5000,1.2988,1.5427,2.3735
4096,53,325,512.0000,101.3333,107.5000,123.0000,331.8333,256.0000,1.2962,334.6667,1.3073,1.4943,2.3754
4096,53,399,512.0000,100.3333,110.8333,126.8333,338.0000,256.0000,1.3203,340.0000,1.3281,1.5469,2.6238
4096,54,100,512.0000,98.6667,102.6667,104.5000,305.8333,256.0000,1.1947,308.8333,1.2064,1.1439,2.7524
4096,54,175,512.0000,101.1667,103.1667,115.6667,320.0000,256.0000,1.2500,320.0000,1.2500,1.2490,2.4979
4096,54,250,512.0000,98.1667,102.5000,107.3333,308.0000,256.0000,1.2031,311.1667,1.2155,1.2303,2.8753
4096,54,325,512.0000,96.5000,99.3333,103.8333,299.6667,256.0000,1.1706,299.8333,1.1712,1.1517,2.5019
4096,54,399,512.0000,98.5000,103.0000,110.6667,312.1667,256.0000,1.2194,313.8333,1.2259,1.2223,2.5002
4096,55,100,512.0000,101.8333,113.8333,134.5000,350.1667,256.0000,1.3678,353.0000,1.3789,1.6970,2.7478
4096,55,175,512.0000,100.6667,112.1667,133.3333,346.1667,256.0000,1.3522,348.6667,1.3620,1.6789,2.7506
4096,55,250,512.0000,105.1667,115.8333,138.3333,359.3333,256.0000,1.4036,363.0000,1.4180,1.6892,2.7447
4096,55,325,512.0000,102.3333,115.0000,136.0000,353.3333,256.0000,1.3802,358.5000,1.4004,1.6919,2.6241
4096,55,399,512.0000,106.5000,119.6667,137.6667,363.8333,256.0000,1.4212,364.6667,1.4245,1.6601,2.4991
4096,56,100,512.0000,97.6667,102.6667,101.8333,302.1667,256.0000,1.1803,303.6667,1.1862,1.1130,2.4998
4096,56,175,512.0000,97.3333,101.1667,104.3333,302.8333,256.0000,1.1829,304.5000,1.1895,1.1912,2.2513
4096,56,250,512.0000,96.8333,99.3333,101.5000,297.6667,256.0000,1.1628,298.8333,1.1673,1.1370,2.3753
4096,56,325,512.0000,98.8333,102.0000,104.8333,305.6667,256.0000,1.1940,307.5000,1.2012,1.1972,2.4974
4096,56,399,512.0000,99.1667,102.3333,107.6667,309.1667,256.0000,1.2077,310.1667,1.2116,1.1228,2.3746
4096,57,100,512.0000,98.5000,108.8333,110.8333,318.1667,256.0000,1.2428,319.6667,1.2487,1.2632,2.4987
4096,57,175,512.0000,100.6667,104.5000,110.6667,315.8333,256.0000,1.2337,316.1667,1.2350,1.2852,2.6239
4096,57,250,512.0000,101.5000,107.1667,113.0000,321.6667,256.0000,1.2565,325.1667,1.2702,1.3507,2.7491
4096,57,325,512.0000,99.8333,105.8333,114.3333,320.0000,256.0000,1.2500,320.0000,1.2500,1.3058,2.5005
4096,57,399,512.0000,99.5000,112.3333,116.3333,328.1667,256.0000,1.2819,328.1667,1.2819,1.3215,2.3751
4096,58,100,512.0000,100.1667,109.5000,129.0000,338.6667,256.0000,1.3229,340.0000,1.3281,1.5725,2.3765
4096,58,175,512.0000,101.1667,109.6667,125.8333,336.6667,256.0000,1.3151,343.8333,1.3431,1.5432,2.7491
4096,58,250,512.0000,101.1667,112.5000,123.8333,337.5000,256.0000,1.3184,338.5000,1.3223,1.4916,2.6242
4096,58,325,512.0000,100.6667,109.8333,123.6667,334.1667,256.0000,1.3053,336.3333,1.3138,1.5237,2.5031
4096,58,399,512.0000,99.8333,108.0000,122.6667,330.5000,256.0000,1.2910,332.3333,1.2982,1.4723,2.7501
4096,59,100,512.0000,102.1667,103.6667,104.3333,310.1667,256.0000,1.2116,312.8333,1.2220,1.1703,2.3744
4096,59,175,512.0000,96.8333,104.3333,106.3333,307.5000,256.0000,1.2012,307.5000,1.2012,1.1794,2.2515
4096,59,250,512.0000,99.5000,100.6667,109.6667,309.8333,256.0000,1.2103,311.0000,1.2148,1.1452,2.5007
4096,59,325,512.0000,96.8333,104.0000,103.1667,304.0000,256.0000,1.1875,305.1667,1.1921,1.1586,2.3748
4096,59,399,512.0000,101.3333,107.5000,103.3333,312.1667,256.0000,1.2194,314.5000,1.2285,1.1453,2.3760
4096,60,100,512.0000,98.6667,103.6667,104.1667,306.5000,256.0000,1.1973,308.3333,1.2044,1.1995,2.6231
4096,60,175,512.0000,99.8333,103.8333,106.1667,309.8333,256.0000,1.2103,311.0000,1.2148,1.2255,2.2487
4096,60,250,512.0000,101.8333,104.6667,107.5000,314.0000,256.0000,1.2266,314.0000,1.2266,1.1953,2.6270
4096,60,325,512.0000,98.1667,104.0000,102.6667,304.8333,256.0000,1.1908,304.8333,1.1908,1.1494,2.5013
4096,60,399,512.0000,99.0000,107.1667,108.5000,314.6667,256.0000,1.2292,320.1667,1.2507,1.2176,2.3775
